{"v":"4.8.0","meta":{"g":"LottieFiles AE 3.0.2","a":"","k":"","d":"","tc":""},"fr":24,"ip":0,"op":24,"w":1000,"h":1000,"nm":"explosion-8","ddd":0,"assets":[{"id":"comp_0","layers":[{"ddd":0,"ind":1,"ty":4,"nm":"Customizer","sr":1,"ks":{"o":{"a":0,"k":100,"ix":11},"r":{"a":0,"k":0,"ix":10},"p":{"a":0,"k":[832,594,0],"ix":2},"a":{"a":0,"k":[0,0,0],"ix":1},"s":{"a":0,"k":[100,100,100],"ix":6}},"ao":0,"ef":[{"ty":5,"nm":"Color Control 1","np":3,"mn":"ADBE Color Control","ix":1,"en":1,"ef":[{"ty":2,"nm":"Color","mn":"ADBE Color Control-0001","ix":1,"v":{"a":0,"k":[1,1,1,1],"ix":1}}]},{"ty":5,"nm":"Color Control 2","np":3,"mn":"ADBE Color Control","ix":2,"en":1,"ef":[{"ty":2,"nm":"Color","mn":"ADBE Color Control-0001","ix":1,"v":{"a":0,"k":[0,0.658823549747,1,1],"ix":1}}]},{"ty":5,"nm":"Glow ","np":3,"mn":"ADBE Slider Control","ix":3,"en":1,"ef":[{"ty":0,"nm":"Slider","mn":"ADBE Slider Control-0001","ix":1,"v":{"a":0,"k":0,"ix":1}}]},{"ty":5,"nm":"Glow Intensity","np":3,"mn":"ADBE Slider Control","ix":4,"en":1,"ef":[{"ty":0,"nm":"Slider","mn":"ADBE Slider Control-0001","ix":1,"v":{"a":0,"k":0,"ix":1}}]},{"ty":5,"nm":"Blur","np":3,"mn":"ADBE Slider Control","ix":5,"en":1,"ef":[{"ty":0,"nm":"Slider","mn":"ADBE Slider Control-0001","ix":1,"v":{"a":0,"k":0,"ix":1}}]}],"shapes":[],"ip":0,"op":34,"st":0,"bm":0},{"ddd":0,"ind":2,"ty":3,"nm":"BG_Resizable","sr":1,"ks":{"o":{"a":0,"k":100,"ix":11},"r":{"a":0,"k":0,"ix":10},"p":{"a":0,"k":[960,960,0],"ix":2,"x":"var $bm_rt;\nvar W, H;\nW = $bm_div(thisComp.width, 2);\nH = $bm_div(thisComp.height, 2);\n$bm_rt = [\n    W,\n    H\n];"},"a":{"a":0,"k":[0,0,0],"ix":1},"s":{"a":0,"k":[100,100,100],"ix":6,"x":"var $bm_rt;\nvar w, h, aspect;\nw = thisComp.width;\nh = thisComp.height;\n$bm_rt = aspect = 1920 / 1080;\nif ($bm_div(w, h) >= aspect) {\n    $bm_rt = [\n        w,\n        w\n    ];\n} else {\n    $bm_rt = [\n        h * aspect,\n        h * aspect\n    ];\n}"}},"ao":0,"ip":0,"op":74.4,"st":0,"bm":0},{"ddd":0,"ind":3,"ty":0,"nm":"Energy 18 Glow","parent":2,"refId":"comp_1","sr":1,"ks":{"o":{"a":0,"k":100,"ix":11},"r":{"a":0,"k":0,"ix":10},"p":{"a":0,"k":[1.094,0.026,0],"ix":2},"a":{"a":0,"k":[494,535,0],"ix":1},"s":{"a":0,"k":[5.145,5.145,100],"ix":6}},"ao":0,"ef":[{"ty":20,"nm":"Color","np":6,"mn":"ADBE Tint","ix":1,"en":1,"ef":[{"ty":2,"nm":"Map Black To","mn":"ADBE Tint-0001","ix":1,"v":{"a":0,"k":[0,0.658823549747,1,1],"ix":1,"x":"var $bm_rt;\n$bm_rt = thisComp.layer('Customizer').effect('Color Control 2')('ADBE Color Control-0001');"}},{"ty":2,"nm":"Map White To","mn":"ADBE Tint-0002","ix":2,"v":{"a":0,"k":[1,1,1,0],"ix":2,"x":"var $bm_rt;\n$bm_rt = thisComp.layer('Customizer').effect('Color Control 1')('ADBE Color Control-0001');"}},{"ty":0,"nm":"Amount to Tint","mn":"ADBE Tint-0003","ix":3,"v":{"a":0,"k":100,"ix":3}},{"ty":6,"nm":"","mn":"ADBE Tint-0004","ix":4,"v":0}]},{"ty":5,"nm":"Glow","np":3,"mn":"ADBE Slider Control","ix":2,"en":1,"ef":[{"ty":0,"nm":"Slider","mn":"ADBE Slider Control-0001","ix":1,"v":{"a":0,"k":104,"ix":1,"x":"var $bm_rt;\n$bm_rt = thisComp.layer('Customizer').effect('Glow ')('ADBE Slider Control-0001');"}}]},{"ty":5,"nm":"Intensity","np":3,"mn":"ADBE Slider Control","ix":3,"en":1,"ef":[{"ty":0,"nm":"Slider","mn":"ADBE Slider Control-0001","ix":1,"v":{"a":0,"k":144.4,"ix":1,"x":"var $bm_rt;\n$bm_rt = thisComp.layer('Customizer').effect('Glow Intensity')('ADBE Slider Control-0001');"}}]},{"ty":5,"nm":"Blur","np":3,"mn":"ADBE Slider Control","ix":4,"en":1,"ef":[{"ty":0,"nm":"Slider","mn":"ADBE Slider Control-0001","ix":1,"v":{"a":0,"k":0,"ix":1,"x":"var $bm_rt;\n$bm_rt = thisComp.layer('Customizer').effect('Blur')('ADBE Slider Control-0001');"}}]},{"ty":5,"nm":"Glow 2","np":16,"mn":"ADBE Glo2","ix":5,"en":1,"ef":[{"ty":7,"nm":"Glow Based On","mn":"ADBE Glo2-0001","ix":1,"v":{"a":0,"k":2,"ix":1}},{"ty":0,"nm":"Glow Threshold","mn":"ADBE Glo2-0002","ix":2,"v":{"a":0,"k":153,"ix":2}},{"ty":0,"nm":"Glow Radius","mn":"ADBE Glo2-0003","ix":3,"v":{"a":0,"k":99,"ix":3,"x":"var $bm_rt;\n$bm_rt = effect('Glow')('ADBE Slider Control-0001');"}},{"ty":0,"nm":"Glow Intensity","mn":"ADBE Glo2-0004","ix":4,"v":{"a":0,"k":1.44,"ix":4,"x":"var $bm_rt;\n$bm_rt = $bm_div(effect('Intensity')('ADBE Slider Control-0001'), 100);"}},{"ty":7,"nm":"Composite Original","mn":"ADBE Glo2-0005","ix":5,"v":{"a":0,"k":2,"ix":5}},{"ty":7,"nm":"Glow Operation","mn":"ADBE Glo2-0006","ix":6,"v":{"a":0,"k":3,"ix":6}},{"ty":7,"nm":"Glow Colors","mn":"ADBE Glo2-0007","ix":7,"v":{"a":0,"k":2,"ix":7}},{"ty":7,"nm":"Color Looping","mn":"ADBE Glo2-0008","ix":8,"v":{"a":0,"k":3,"ix":8}},{"ty":0,"nm":"Color Loops","mn":"ADBE Glo2-0009","ix":9,"v":{"a":0,"k":1,"ix":9}},{"ty":0,"nm":"Color Phase","mn":"ADBE Glo2-0010","ix":10,"v":{"a":0,"k":0,"ix":10}},{"ty":0,"nm":"A & B Midpoint","mn":"ADBE Glo2-0011","ix":11,"v":{"a":0,"k":0.5,"ix":11}},{"ty":2,"nm":"Color A","mn":"ADBE Glo2-0012","ix":12,"v":{"a":0,"k":[0,0.658823370934,1,1],"ix":12,"x":"var $bm_rt;\n$bm_rt = effect('Color')('ADBE Tint-0001');"}},{"ty":2,"nm":"Color B","mn":"ADBE Glo2-0013","ix":13,"v":{"a":0,"k":[0,0.658823549747,1,1],"ix":13,"x":"var $bm_rt;\n$bm_rt = effect('Color')('ADBE Tint-0001');"}},{"ty":7,"nm":"Glow Dimensions","mn":"ADBE Glo2-0014","ix":14,"v":{"a":0,"k":1,"ix":14}}]},{"ty":25,"nm":"Drop Shadow","np":8,"mn":"ADBE Drop Shadow","ix":6,"en":1,"ef":[{"ty":2,"nm":"Shadow Color","mn":"ADBE Drop Shadow-0001","ix":1,"v":{"a":0,"k":[0,0.658823549747,1,1],"ix":1,"x":"var $bm_rt;\n$bm_rt = effect('Color')('ADBE Tint-0001');"}},{"ty":0,"nm":"Opacity","mn":"ADBE Drop Shadow-0002","ix":2,"v":{"a":0,"k":229,"ix":2,"x":"var $bm_rt;\n$bm_rt = $bm_mul(effect('Glow')('ADBE Slider Control-0001'), 0.9);"}},{"ty":0,"nm":"Direction","mn":"ADBE Drop Shadow-0003","ix":3,"v":{"a":0,"k":135,"ix":3}},{"ty":0,"nm":"Distance","mn":"ADBE Drop Shadow-0004","ix":4,"v":{"a":0,"k":5,"ix":4}},{"ty":0,"nm":"Softness","mn":"ADBE Drop Shadow-0005","ix":5,"v":{"a":0,"k":468,"ix":5}},{"ty":7,"nm":"Shadow Only","mn":"ADBE Drop Shadow-0006","ix":6,"v":{"a":0,"k":0,"ix":6}}]},{"ty":5,"nm":"CC Cross Blur","np":6,"mn":"CS CrossBlur","ix":7,"en":1,"ef":[{"ty":0,"nm":"Radius X","mn":"CS CrossBlur-0001","ix":1,"v":{"a":0,"k":0,"ix":1}},{"ty":0,"nm":"Radius Y","mn":"CS CrossBlur-0002","ix":2,"v":{"a":0,"k":239,"ix":2,"x":"var $bm_rt;\n$bm_rt = effect('Blur')('ADBE Slider Control-0001');"}},{"ty":7,"nm":"Transfer Mode","mn":"CS CrossBlur-0003","ix":3,"v":{"a":0,"k":3,"ix":3}},{"ty":7,"nm":"Repeat Edge Pixels","mn":"CS CrossBlur-0004","ix":4,"v":{"a":0,"k":0,"ix":4}}]}],"w":988,"h":1070,"ip":0,"op":23,"st":0,"bm":0}]},{"id":"comp_1","layers":[{"ddd":0,"ind":1,"ty":1,"nm":"Auto-traced exp_[00000-00022].png Comp 1","cl":"png","sr":1,"ks":{"o":{"a":0,"k":100,"ix":11},"r":{"a":0,"k":0,"ix":10},"p":{"a":0,"k":[494,535,0],"ix":2},"a":{"a":0,"k":[494,535,0],"ix":1},"s":{"a":0,"k":[100,100,100],"ix":6}},"ao":0,"hasMask":true,"masksProperties":[{"inv":false,"mode":"f","pt":{"a":1,"k":[{"t":0,"s":[{"i":[[-2.548,8.46],[4.752,-2.165],[4.806,-2.111],[4.867,-2.049],[4.937,-1.979],[5.015,-1.902],[5.1,-1.816],[5.194,-1.723],[5.295,-1.621],[1.895,-6.216],[2.065,-6.046],[2.185,-5.926],[2.256,-5.855],[2.278,-5.833],[2.25,-5.861],[-9.685,4.148],[-9.817,4.016],[-10.223,3.61],[-10.904,2.93],[-3.057,9.255],[-3.475,9.27],[-3.306,9.005]],"o":[[-4.706,2.211],[-4.752,2.165],[-4.806,2.111],[-4.867,2.049],[-4.937,1.979],[-5.015,1.902],[-5.1,1.816],[-5.194,1.723],[-1.675,6.436],[-1.895,6.216],[-2.065,6.046],[-2.185,5.926],[-2.256,5.855],[-2.278,5.833],[9.827,-4.006],[9.685,-4.148],[9.817,-4.016],[10.223,-3.61],[2.051,-8.96],[3.057,-9.255],[3.475,-9.27],[3.306,-9.005]],"v":[[555,475],[540.815,481.565],[526.48,487.981],[511.973,494.223],[497.268,500.268],[482.342,506.092],[467.171,511.671],[451.732,516.982],[436,522],[430.632,540.965],[424.68,559.347],[418.292,577.292],[411.617,594.951],[404.804,612.47],[398,630],[427.201,617.701],[456.386,605.386],[486.378,593.879],[518,584],[525.808,556.608],[535.753,528.75],[546.072,501.267]],"c":true}],"h":1},{"t":1,"s":[{"i":[[0.581,-0.082],[0.468,-0.199],[0.123,-0.543],[15.044,-8.789],[15.053,-8.78],[7.198,-4.635],[7.423,-4.411],[7.951,-4.049],[5.976,-6.024],[-8.038,2.805],[-7.588,3.223],[-7.937,3.123],[-8.359,2.156],[8.189,-14.645],[4.922,-17.911],[-5.779,6.472],[-5.65,6.644],[-5.705,6.99],[-5.413,7.26],[-10.819,14.65],[-8.08,16.125],[0.327,0.173]],"o":[[-0.006,0.661],[-0.468,0.199],[-14.771,9.062],[-15.044,8.789],[-7.785,4.048],[-7.198,4.635],[-7.221,4.779],[-7.951,4.049],[8.26,0.443],[8.038,-2.805],[7.894,-3.353],[7.937,-3.123],[-7.323,15.51],[-8.189,14.645],[7.235,-4.466],[5.779,-6.472],[5.766,-6.781],[5.705,-6.99],[10.644,-14.274],[10.819,-14.65],[-0.11,-0.389],[-0.327,-0.173]],"v":[[667,384],[666.088,385.089],[665,386],[620.212,412.712],[575,439],[552.728,452.228],[531,466],[507.566,478.566],[486,493],[510.504,488.75],[534,479],[557.651,469.102],[582,461],[557.699,505.199],[537,553],[556.189,536.134],[573,516],[590.265,495.359],[607,474],[639.923,430.888],[669,385],[668.353,384.147]],"c":true}],"h":1},{"t":2,"s":[{"i":[[-6.432,0.819],[2.396,1.271],[2.349,1.317],[2.317,1.35],[2.297,1.369],[2.292,1.375],[2.299,1.367],[2.32,1.346],[2.355,1.312],[2.734,-1.433],[2.767,-1.4],[2.771,-1.396],[2.745,-1.421],[2.69,-1.477],[2.606,-1.561],[2.491,-1.675],[2.348,-1.819],[-6.907,0.018],[-6.745,0.023],[-6.617,0.106],[-6.522,0.266],[-6.46,0.504]],"o":[[-2.456,-1.211],[-2.396,-1.271],[-2.349,-1.317],[-2.317,-1.35],[-2.297,-1.369],[-2.292,-1.375],[-2.299,-1.367],[-2.32,-1.346],[-2.671,1.495],[-2.734,1.433],[-2.767,1.4],[-2.771,1.396],[-2.745,1.421],[-2.69,1.477],[-2.606,1.561],[-2.491,1.675],[7.102,-0.09],[6.907,-0.018],[6.745,-0.023],[6.617,-0.106],[6.522,-0.266],[6.46,-0.504]],"v":[[400,498],[392.726,494.274],[385.612,490.388],[378.616,486.384],[371.699,482.302],[364.819,478.182],[357.936,474.064],[351.01,469.99],[344,466],[335.885,470.385],[327.626,474.626],[319.312,478.812],[311.03,483.03],[302.87,487.37],[294.919,491.919],[287.266,496.766],[280,502],[301.004,501.857],[321.473,501.815],[341.507,501.641],[361.206,501.102],[380.67,499.966]],"c":true}],"h":1},{"t":3,"s":[{"i":[[0.851,-0.184],[13.443,-8.807],[13.214,-9.036],[13.164,-9.086],[13.292,-8.958],[4.423,-2.91],[4.549,-2.784],[4.101,-3.232],[3.08,-4.254],[-6.069,3.129],[-5.822,3.802],[-6.592,3.022],[-8.379,0.79],[1.822,-3.12],[1.937,-3.006],[1.147,-3.383],[-0.55,-4.25],[-5.726,6.617],[-5.748,6.563],[-19.531,17.994],[-18.322,18.981],[0.273,0.394]],"o":[[-13.851,8.399],[-13.443,8.807],[-13.214,9.036],[-13.164,9.086],[-3.724,3.609],[-4.423,2.91],[-4.549,2.784],[-4.101,3.232],[7.333,-1.004],[6.069,-3.129],[5.822,-3.802],[6.592,-3.022],[-0.8,3.725],[-1.822,3.12],[-1.937,3.006],[-1.147,3.383],[7.348,-4.97],[5.726,-6.617],[17.554,-20.043],[19.531,-17.994],[-0.057,-0.61],[-0.273,-0.393]],"v":[[808,268],[767.102,293.853],[727.161,320.662],[687.639,347.889],[648,375],[635.635,384.635],[622.034,393.033],[608.915,401.915],[598,413],[617.849,406.438],[635.431,395.679],[653.797,385.081],[676,379],[671.841,389.145],[665.975,398.212],[661.122,407.673],[660,419],[679.2,401.195],[696,381],[752.424,324.704],[810,270],[809.595,268.404]],"c":true}],"h":1},{"t":4,"s":[{"i":[[1.966,7.978],[0.461,-4.623],[0.465,-4.619],[0.466,-4.617],[0.465,-4.618],[0.461,-4.622],[0.455,-4.628],[0.447,-4.637],[0.435,-4.648],[-1.704,-1.588],[-1.786,-1.506],[-1.854,-1.437],[-1.91,-1.382],[-1.953,-1.339],[-1.982,-1.31],[-1.998,-1.293],[-2.001,-1.29],[1.831,8.114],[1.863,8.081],[1.893,8.052],[1.92,8.024],[1.944,8]],"o":[[-0.454,4.629],[-0.461,4.623],[-0.465,4.619],[-0.466,4.617],[-0.465,4.618],[-0.461,4.622],[-0.455,4.628],[-0.447,4.637],[1.609,1.683],[1.704,1.588],[1.786,1.506],[1.854,1.437],[1.91,1.382],[1.953,1.339],[1.982,1.31],[1.998,1.293],[-1.795,-8.149],[-1.831,-8.114],[-1.863,-8.081],[-1.893,-8.051],[-1.92,-8.024],[-1.944,-8]],"v":[[370,360],[368.627,373.877],[367.238,387.738],[365.841,401.591],[364.443,415.443],[363.052,429.302],[361.677,443.177],[360.323,457.073],[359,471],[363.972,475.903],[369.209,480.541],[374.672,484.953],[380.321,489.179],[386.118,493.257],[392.023,497.227],[397.997,501.128],[404,505],[398.56,480.606],[393.019,456.315],[387.384,432.116],[381.664,408.003],[375.866,383.967]],"c":true}],"h":1},{"t":5,"s":[{"i":[[0.808,-0.141],[0,-0.25],[0,-0.25],[0,-0.25],[0,-0.25],[-1.4,-13.337],[-0.985,-13.632],[-0.718,-13.729],[-0.599,-13.627],[0.094,-2.232],[0.012,-2.249],[-0.338,-2.142],[-0.956,-1.913],[-0.915,2.669],[-0.512,3.071],[-0.841,2.742],[-1.902,1.681],[-2.146,-4.854],[-3.178,-3.822],[7.301,30.782],[5.869,31.299],[0.388,0.278]],"o":[[0,0.25],[0,0.25],[0,0.25],[0,0.25],[1.963,12.844],[1.4,13.337],[0.985,13.632],[0.718,13.729],[0.092,2.092],[-0.094,2.232],[-0.012,2.249],[0.338,2.142],[2.048,-1.535],[0.915,-2.669],[0.512,-3.071],[0.841,-2.742],[2.238,4.762],[2.146,4.854],[-2.928,-32.574],[-7.301,-30.782],[-0.639,-0.028],[-0.388,-0.278]],"v":[[353,264],[353,264.75],[353,265.5],[353,266.25],[353,267],[358.006,306.322],[361.546,346.826],[364.062,387.917],[366,429],[365.93,435.517],[365.704,442.269],[366.126,448.886],[368,455],[372.262,448.512],[374.22,439.72],[376.068,430.818],[380,424],[386.295,438.705],[394,452],[377.206,357.544],[356,265],[354.626,264.374]],"c":true}],"h":1},{"t":6,"s":[{"i":[[1.462,26.622],[-0.162,-12.728],[-0.594,-12.417],[-0.908,-12.193],[-1.105,-12.058],[-1.184,-12.01],[-1.146,-12.05],[-0.99,-12.177],[-0.717,-12.392],[-0.56,1.885],[-0.44,2.005],[-0.392,2.053],[-0.416,2.028],[-0.512,1.932],[-0.681,1.764],[-1.327,-2.756],[-1.329,-2.754],[-1.463,-2.621],[-1.728,-2.356],[4.655,23.428],[4.069,24.014],[3.004,25.079]],"o":[[-0.387,13.126],[0.162,12.728],[0.594,12.417],[0.908,12.193],[1.105,12.058],[1.184,12.01],[1.146,12.05],[0.99,12.177],[0.752,-1.693],[0.56,-1.885],[0.44,-2.005],[0.392,-2.053],[0.416,-2.028],[0.512,-1.932],[1.456,2.627],[1.327,2.756],[1.329,2.754],[1.463,2.621],[-4.763,-23.32],[-4.655,-23.428],[-4.069,-24.015],[-3.004,-25.079]],"v":[[345,123],[344.693,161.759],[345.857,199.453],[348.14,236.347],[351.189,272.702],[354.652,308.781],[358.176,344.849],[361.41,381.168],[364,418],[365.949,412.616],[367.43,406.763],[368.659,400.659],[369.853,394.52],[371.228,388.561],[373,383],[377.141,391.108],[381.092,399.407],[385.247,407.502],[390,415],[375.753,344.997],[362.548,273.952],[351.818,200.432]],"c":true}],"h":1},{"t":7,"s":[{"i":[[0.582,-0.082],[-0.111,-16.585],[-0.388,-16.716],[-0.834,-16.273],[-1.447,-15.255],[-0.98,3.52],[-0.277,4.223],[-0.283,4.217],[-1,3.5],[-0.867,-3.133],[-0.884,-3.116],[-1.2,-2.8],[-1.816,-2.184],[1.681,10.017],[1.768,10.356],[1.453,10.661],[0.737,10.931],[0.434,5.316],[0.685,5.065],[0.908,4.842],[1.104,4.646],[0.327,0.173]],"o":[[0.001,15.88],[0.111,16.585],[0.388,16.716],[0.833,16.273],[2.394,-2.106],[0.98,-3.52],[0.277,-4.223],[0.283,-4.217],[1.149,2.851],[0.867,3.133],[0.884,3.116],[1.2,2.8],[-1.192,-9.643],[-1.681,-10.017],[-1.768,-10.356],[-1.453,-10.661],[-0.156,-5.594],[-0.434,-5.316],[-0.685,-5.065],[-0.908,-4.842],[-0.111,-0.389],[-0.327,-0.173]],"v":[[342,99],[342.125,147.842],[342.831,197.938],[344.621,247.565],[348,295],[352.883,286.383],[354.59,274.59],[355.253,261.753],[357,250],[359.948,259.052],[362.499,268.501],[365.55,277.45],[370,285],[365.59,255.501],[360.317,224.932],[355.385,193.398],[352,161],[351.107,144.643],[349.421,129.079],[347.025,114.225],[344,100],[343.353,99.147]],"c":true}],"h":1},{"t":8,"s":[{"i":[[0.213,-0.046],[0.485,-11.191],[0.058,-11.499],[-0.265,-11.551],[-0.486,-11.347],[-0.604,-10.886],[-0.62,-10.169],[-0.462,6.038],[-0.371,6.129],[-0.348,6.152],[-0.394,6.106],[-0.608,-2.308],[-0.617,-2.3],[-0.7,-2.216],[-0.859,-2.058],[1.224,12.776],[1.215,12.785],[1.133,12.867],[0.98,13.02],[0.03,0.137],[0.068,0.098],[0.129,0.037]],"o":[[-1.014,10.626],[-0.485,11.191],[-0.058,11.499],[0.265,11.551],[0.486,11.347],[0.604,10.886],[0.622,-5.878],[0.462,-6.038],[0.371,-6.129],[0.348,-6.152],[0.674,2.242],[0.608,2.308],[0.617,2.3],[0.7,2.216],[-1.161,-12.839],[-1.224,-12.776],[-1.215,-12.785],[-1.133,-12.867],[-0.014,-0.153],[-0.03,-0.137],[-0.068,-0.098],[-0.129,-0.037]],"v":[[343,57],[340.776,89.789],[339.987,123.888],[340.323,158.529],[341.476,192.94],[343.138,226.354],[345,258],[346.61,240.109],[347.842,221.842],[348.904,203.404],[350,185],[351.905,191.845],[353.724,198.776],[355.681,205.569],[358,212],[354.404,173.596],[350.727,135.273],[347.187,96.813],[344,58],[343.939,57.561],[343.798,57.202],[343.507,56.993]],"c":true}],"h":1},{"t":9,"s":[{"i":[[1.888,7.112],[-0.06,-4.351],[0.053,-4.42],[0.124,-4.479],[0.153,-4.528],[0.141,-4.566],[0.086,-4.593],[-0.01,-4.611],[-0.148,-4.618],[-0.44,1.005],[-0.253,1.191],[-0.151,1.294],[-0.133,1.311],[-0.2,1.244],[-0.352,1.092],[-0.561,-0.855],[-0.495,-0.921],[-0.561,-0.855],[-0.76,-0.657],[0.591,8.409],[0.704,8.296],[1.136,7.864]],"o":[[0.215,4.272],[0.06,4.351],[-0.053,4.42],[-0.124,4.479],[-0.153,4.528],[-0.141,4.566],[-0.086,4.593],[0.01,4.611],[0.711,-0.733],[0.44,-1.005],[0.253,-1.192],[0.151,-1.294],[0.133,-1.311],[0.2,-1.244],[0.76,0.657],[0.561,0.855],[0.495,0.921],[0.561,0.855],[-0.797,-8.203],[-0.591,-8.409],[-0.704,-8.296],[-1.136,-7.864]],"v":[[341,51],[341.403,63.938],[341.403,77.098],[341.127,90.45],[340.701,103.963],[340.249,117.605],[339.898,131.346],[339.773,145.155],[340,159],[341.705,156.372],[342.723,153.057],[343.307,149.308],[343.712,145.379],[344.192,141.525],[345,138],[346.948,140.302],[348.5,143],[350.052,145.698],[352,148],[349.998,123.002],[348.136,97.864],[345.456,73.544]],"c":true}],"h":1},{"t":10,"s":[{"i":[[0.766,5.734],[-0.034,-3.881],[0.06,-3.872],[0.11,-3.852],[0.116,-3.821],[0.079,-3.779],[-0.002,-3.726],[-0.126,-3.661],[-0.294,-3.586],[-0.187,1.313],[-0.187,1.313],[-0.201,1.299],[-0.229,1.271],[-0.272,1.228],[-0.329,1.171],[-0.466,-1.035],[-0.362,-1.138],[-0.466,-1.035],[-0.776,-0.724],[0.794,6.987],[0.93,6.861],[0.921,6.444]],"o":[[0.171,3.879],[0.034,3.881],[-0.06,3.872],[-0.11,3.852],[-0.116,3.821],[-0.079,3.779],[0.002,3.726],[0.126,3.661],[0.202,-1.298],[0.187,-1.313],[0.187,-1.313],[0.201,-1.299],[0.229,-1.271],[0.272,-1.228],[0.776,0.724],[0.465,1.034],[0.362,1.138],[0.465,1.034],[-0.513,-6.82],[-0.794,-6.987],[-0.93,-6.861],[-0.921,-6.444]],"v":[[341,43],[341.296,54.643],[341.246,66.277],[340.98,77.867],[340.631,89.38],[340.327,100.783],[340.2,112.043],[340.381,123.127],[341,134],[341.58,130.08],[342.138,126.138],[342.715,122.215],[343.356,118.356],[344.103,114.603],[345,111],[346.811,113.69],[348,117],[349.19,120.311],[351,123],[349.002,102.216],[346.379,81.371],[343.567,61.34]],"c":true}],"h":1},{"t":11,"s":[{"i":[[0.351,1.881],[0.167,-1.333],[0.076,-1.424],[0.011,-1.489],[-0.028,-1.528],[-0.041,-1.541],[-0.027,-1.527],[0.012,-1.488],[0.078,-1.422],[-0.308,-0.028],[-0.248,0.031],[-0.21,0.049],[-0.193,0.026],[-0.197,-0.038],[-0.223,-0.143],[-0.271,-0.289],[-0.34,-0.476],[0.129,1.958],[0.253,2.114],[0.338,2.184],[0.382,2.169],[0.387,2.068]],"o":[[-0.284,1.216],[-0.167,1.333],[-0.076,1.424],[-0.011,1.489],[0.028,1.528],[0.041,1.541],[0.027,1.527],[-0.012,1.488],[0.39,0.127],[0.308,0.028],[0.248,-0.031],[0.21,-0.049],[0.193,-0.026],[0.197,0.038],[0.223,0.143],[0.271,0.289],[0.036,-1.716],[-0.129,-1.958],[-0.253,-2.114],[-0.338,-2.184],[-0.382,-2.169],[-0.387,-2.068]],"v":[[339,14],[338.33,17.83],[337.973,21.973],[337.849,26.349],[337.881,30.881],[337.991,35.491],[338.099,40.099],[338.128,44.628],[338,49],[339.043,49.223],[339.873,49.207],[340.554,49.076],[341.152,48.954],[341.731,48.962],[342.355,49.224],[343.09,49.862],[344,51],[343.85,45.468],[343.267,39.339],[342.371,32.871],[341.281,26.321],[340.117,19.945]],"c":true}],"h":1},{"t":12,"s":[{"i":[[0.79,3.753],[0.114,-2.461],[0.122,-2.563],[0.115,-2.64],[0.094,-2.69],[0.06,-2.715],[0.011,-2.714],[-0.052,-2.687],[-0.129,-2.634],[-0.22,-2.556],[-0.325,-2.451],[-0.444,-2.321],[-0.577,-2.165],[-0.724,-1.984],[-0.885,-1.776],[0.145,4.224],[0.12,4.437],[0.135,4.556],[0.188,4.582],[0.28,4.515],[0.411,4.354],[0.581,4.1]],"o":[[-0.092,2.333],[-0.114,2.461],[-0.122,2.563],[-0.115,2.64],[-0.094,2.69],[-0.06,2.715],[-0.011,2.714],[0.052,2.687],[0.129,2.634],[0.22,2.556],[0.325,2.451],[0.444,2.321],[0.577,2.165],[0.724,1.984],[-0.208,-3.918],[-0.145,-4.224],[-0.12,-4.437],[-0.135,-4.556],[-0.188,-4.582],[-0.28,-4.515],[-0.411,-4.354],[-0.581,-4.1]],"v":[[476,189],[475.687,196.198],[475.33,203.741],[474.972,211.552],[474.654,219.553],[474.42,227.667],[474.31,235.817],[474.368,243.925],[474.635,251.913],[475.154,259.705],[475.967,267.222],[477.116,274.388],[478.643,281.124],[480.59,287.354],[483,293],[482.48,280.763],[482.092,267.748],[481.719,254.235],[481.245,240.504],[480.553,226.835],[479.526,213.508],[478.047,200.803]],"c":true}],"h":1},{"t":13,"s":[{"i":[[0.63,0.703],[-0.095,-0.667],[-0.07,-0.692],[-0.052,-0.71],[-0.042,-0.72],[-0.039,-0.723],[-0.044,-0.718],[-0.057,-0.705],[-0.077,-0.685],[-0.105,-0.657],[-0.141,-0.621],[-0.184,-0.578],[-0.235,-0.527],[-0.293,-0.469],[-0.359,-0.403],[0.038,1.295],[0.048,1.286],[0.082,1.251],[0.142,1.192],[0.226,1.107],[0.336,0.998],[0.47,0.863]],"o":[[0.128,0.634],[0.095,0.667],[0.07,0.692],[0.052,0.71],[0.042,0.72],[0.039,0.723],[0.044,0.718],[0.057,0.705],[0.077,0.685],[0.105,0.657],[0.141,0.621],[0.184,0.578],[0.235,0.527],[0.293,0.469],[-0.054,-1.279],[-0.038,-1.295],[-0.048,-1.286],[-0.082,-1.251],[-0.142,-1.192],[-0.226,-1.107],[-0.336,-0.998],[-0.47,-0.863]],"v":[[472,170],[472.333,171.953],[472.578,173.994],[472.758,176.1],[472.896,178.247],[473.015,180.414],[473.138,182.576],[473.288,184.712],[473.487,186.799],[473.758,188.813],[474.125,190.732],[474.609,192.533],[475.235,194.194],[476.024,195.69],[477,197],[476.869,193.132],[476.746,189.254],[476.558,185.442],[476.229,181.77],[475.684,178.316],[474.848,175.152],[473.645,172.355]],"c":true}],"h":1},{"t":14,"s":[{"i":[[-14.791,6.327],[74.494,-125.173],[-38.805,38.805],[-12.264,14.173],[-48.617,54.473],[-3.49,-26.844],[-11.279,59.721],[0.493,2.84],[-25.811,18.522],[-17.754,13.641],[-1.003,7.978],[13.977,-6.912],[15.123,-5.951],[-73.94,125.063],[42.176,-42.491],[55.83,-70.169],[4.896,26.104],[10.173,-60.16],[-0.098,-3.235],[42.465,-32.45],[0.223,-8.265],[-14.185,7.132]],"o":[[-69.092,133.907],[39.067,-39.519],[13.263,-13.263],[49.075,-56.712],[3.597,26.736],[9.008,-61.992],[1.227,-4.56],[25.003,-19.33],[17.334,-14.903],[6.008,-4.616],[-15.189,2.131],[-14.222,7.033],[68.489,-133.848],[-41.139,43.528],[-53.267,72.731],[-4.719,-26.281],[-7.912,62.422],[-1.532,4.865],[-42.269,33.832],[-5.512,4.212],[14.753,-3.254],[14.317,-7.198]],"v":[[415,634],[170,1000],[284,877],[321,834],[470,668],[476,753],[508,572],[504,566],[578,507],[633,462],[649,446],[607,465],[563,485],[807,120],[684,251],[508,453],[501,367],[470,547],[473,554],[344,657],[329,674],[371,654]],"c":true}],"h":1},{"t":15,"s":[{"i":[[1.503,6.549],[0.333,0],[0.333,0],[0.426,-0.407],[0.177,-0.657],[24.363,-26.47],[21.683,-29.15],[12.686,-12.819],[12.335,-13.153],[13.214,-12.277],[10.79,-14.716],[-17.035,10.048],[-13.329,11.171],[4.841,-14.493],[3.506,-15.827],[-1.645,3.522],[-2.688,2.478],[-5.992,10.008],[-5.462,10.538],[-26.329,37.338],[-26.142,37.524],[-4.538,7.628]],"o":[[-0.333,0],[-0.333,0],[-0.12,0.713],[-0.426,0.407],[-24.863,25.97],[-24.363,26.47],[-11.92,13.57],[-12.686,12.819],[-12.355,13.174],[-13.214,12.277],[19.53,-6.637],[17.035,-10.048],[-5.13,14.203],[-4.841,14.493],[4.733,-0.434],[1.645,-3.522],[5.569,-10.431],[5.992,-10.008],[23.542,-40.125],[26.329,-37.338],[2.703,-7.895],[4.145,-6.968]],"v":[[859,57],[858,57],[857,57],[856.042,58.543],[855,60],[780.615,138.115],[711,221],[673.811,260.313],[636,299],[596.826,336.343],[560,376],[615.151,350.4],[661,318],[645.782,360.782],[633,406],[641.533,399.033],[647,389],[664.581,358.581],[682,328],[757.55,212.55],[837,101],[849,78]],"c":true}],"h":1},{"t":16,"s":[{"i":[[0.582,-0.082],[0,-0.25],[0,-0.25],[0,-0.25],[0,-0.25],[2.76,-18.073],[2.766,-18.067],[2.873,-17.96],[3.081,-17.753],[-0.098,-1.152],[0.087,-1.337],[-0.108,-1.142],[-0.685,-0.565],[-2.014,6.32],[-1.993,6.341],[-1.858,6.476],[-1.609,6.725],[-0.933,-4.901],[-1.365,-4.469],[-1.728,30.082],[0.308,29.586],[0.327,0.173]],"o":[[0,0.25],[0,0.25],[0,0.25],[0,0.25],[-2.854,17.98],[-2.76,18.073],[-2.766,18.067],[-2.873,17.96],[0.664,0.586],[0.098,1.152],[-0.087,1.337],[0.108,1.142],[1.921,-6.412],[2.014,-6.32],[1.993,-6.341],[1.858,-6.476],[1.905,3.928],[0.933,4.901],[-2.603,-32.087],[1.728,-30.082],[-0.111,-0.389],[-0.327,-0.173]],"v":[[516,231],[516,231.75],[516,232.5],[516,233.25],[516,234],[507.604,288.104],[499.34,342.34],[490.906,396.406],[482,450],[483.048,452.702],[482.969,456.531],[482.905,460.345],[484,463],[489.931,443.931],[495.968,424.968],[501.772,405.772],[507,386],[510.905,399.595],[514,414],[514.278,321.123],[518,232],[517.353,231.147]],"c":true}],"h":1},{"t":17,"s":[{"i":[[0,0],[8.831,-9.132],[13.465,-14.431],[13.901,-15.896],[10.139,-13.528],[-1.489,0.82],[-1.635,1.493],[-1.703,1.427],[-1.694,0.622],[-1.571,1.262],[-1.621,1.212],[-1.615,1.219],[-1.551,1.282],[-3.403,2.263],[-3.59,2.077],[-3.892,1.775],[-4.309,1.358],[-7.98,11.145],[-6.985,11.015],[-4.325,7.3],[0,0],[0,0]],"o":[[0,0],[-8.831,9.132],[-13.465,14.431],[-13.901,15.896],[1.267,0.593],[1.489,-0.82],[1.635,-1.493],[1.703,-1.427],[1.464,-1.37],[1.571,-1.262],[1.621,-1.212],[1.615,-1.219],[3.332,-2.335],[3.403,-2.263],[3.59,-2.077],[3.892,-1.775],[7.312,-7.689],[7.98,-11.145],[6.985,-11.015],[4.325,-7.3],[0,0],[0,0]],"v":[[893,12.5],[878.703,27.156],[844.209,63.458],[802.11,109.906],[765,155],[769.153,154.475],[773.859,150.822],[778.885,146.258],[784,143],[788.566,139.066],[793.369,135.369],[798.238,131.737],[803,128],[813.074,121.074],[823.534,114.534],[834.728,108.728],[847,104],[870.354,74.853],[893.217,40.717],[910.597,12.347],[917.5,0.5],[905.25,6.5]],"c":true}],"h":1},{"t":18,"s":[{"i":[[0,0],[1.223,-1.325],[2.195,-2.394],[2.914,-3.207],[3.381,-3.765],[3.596,-4.067],[3.558,-4.114],[3.269,-3.904],[2.727,-3.44],[-4.091,3.117],[-3.959,3.249],[-3.851,3.357],[-3.768,3.44],[-3.709,3.499],[-3.675,3.533],[-3.665,3.543],[-3.68,3.528],[1.829,-0.324],[2,-0.519],[1.903,-0.583],[1.537,-0.519],[0.903,-0.324]],"o":[[0,0],[-1.223,1.325],[-2.195,2.394],[-2.914,3.207],[-3.381,3.765],[-3.596,4.067],[-3.558,4.114],[-3.269,3.904],[4.247,-2.961],[4.091,-3.117],[3.959,-3.249],[3.851,-3.357],[3.768,-3.44],[3.709,-3.499],[3.675,-3.533],[3.665,-3.543],[-1.389,0],[-1.829,0.324],[-2,0.519],[-1.903,0.583],[-1.537,0.519],[-0.903,0.324]],"v":[[894,7],[892.102,9.051],[886.912,14.693],[879.186,23.159],[869.682,33.681],[859.154,45.494],[848.361,57.829],[838.057,69.92],[829,81],[841.501,71.876],[853.57,62.32],[865.279,52.404],[876.702,42.202],[887.912,31.787],[898.983,21.233],[909.988,10.613],[921,0],[916.107,0.519],[910.296,1.815],[904.375,3.5],[899.148,5.185],[895.421,6.481]],"c":true}],"h":1},{"t":19,"s":[{"i":[[0.276,1.324],[0.161,-0.934],[0.145,-0.95],[0.13,-0.966],[0.114,-0.981],[0.099,-0.996],[0.084,-1.011],[0.07,-1.026],[0.055,-1.04],[0.041,-1.054],[0.027,-1.068],[0.013,-1.082],[-0.001,-1.096],[-0.014,-1.109],[-0.027,-1.122],[-0.727,1.326],[-0.429,1.745],[-0.182,2.025],[0.013,2.165],[0.156,2.165],[0.248,2.025],[0.288,1.744]],"o":[[-0.177,0.918],[-0.161,0.934],[-0.145,0.95],[-0.13,0.966],[-0.114,0.981],[-0.099,0.996],[-0.084,1.011],[-0.07,1.026],[-0.055,1.04],[-0.041,1.054],[-0.027,1.068],[-0.013,1.082],[0.001,1.096],[0.014,1.109],[1.077,-0.766],[0.727,-1.326],[0.429,-1.745],[0.182,-2.025],[-0.013,-2.165],[-0.156,-2.165],[-0.248,-2.025],[-0.288,-1.744]],"v":[[520,171],[519.493,173.779],[519.034,176.605],[518.621,179.478],[518.255,182.398],[517.935,185.363],[517.66,188.374],[517.429,191.429],[517.241,194.527],[517.097,197.669],[516.996,200.853],[516.936,204.079],[516.917,207.345],[516.938,210.653],[517,214],[519.693,210.828],[521.414,206.186],[522.318,200.495],[522.559,194.175],[522.292,187.646],[521.674,181.326],[520.858,175.638]],"c":true}],"h":1},{"t":20,"s":[{"i":[[0.344,0.31],[0,-0.452],[0,-0.452],[0,-0.452],[0,-0.452],[0,-0.452],[0,-0.452],[0,-0.452],[0,-0.452],[0,-0.452],[0,-0.452],[0,-0.452],[0,-0.452],[0,-0.452],[0,-0.452],[-0.32,0.615],[-0.193,0.848],[-0.077,0.989],[0.028,1.038],[0.123,0.994],[0.208,0.858],[0.281,0.63]],"o":[[0,0.452],[0,0.452],[0,0.452],[0,0.452],[0,0.452],[0,0.452],[0,0.452],[0,0.452],[0,0.452],[0,0.452],[0,0.452],[0,0.452],[0,0.452],[0,0.452],[0.458,-0.289],[0.32,-0.615],[0.193,-0.848],[0.077,-0.989],[-0.028,-1.038],[-0.123,-0.994],[-0.208,-0.858],[-0.281,-0.63]],"v":[[519,157],[519,158.357],[519,159.714],[519,161.071],[519,162.428],[519,163.786],[519,165.143],[519,166.5],[519,167.857],[519,169.214],[519,170.572],[519,171.929],[519,173.286],[519,174.643],[519,176],[520.164,174.622],[520.932,172.405],[521.335,169.626],[521.405,166.563],[521.175,163.492],[520.676,160.69],[519.94,158.434]],"c":true}],"h":1},{"t":21,"s":[{"i":[[0.172,-0.398],[0.003,-0.153],[0.004,-0.19],[0.004,-0.216],[0.003,-0.231],[0,-0.235],[-0.005,-0.227],[-0.011,-0.209],[-0.019,-0.18],[-0.028,-0.14],[-0.039,-0.088],[-0.051,-0.026],[-0.066,0.047],[-0.081,0.132],[-0.098,0.227],[-0.007,0.318],[-0.007,0.393],[0.002,0.409],[0.019,0.366],[0.045,0.264],[0.079,0.103],[0.121,-0.118]],"o":[[0.001,0.105],[-0.003,0.153],[-0.004,0.19],[-0.004,0.216],[-0.003,0.231],[0,0.235],[0.005,0.227],[0.011,0.209],[0.019,0.18],[0.028,0.14],[0.039,0.088],[0.051,0.026],[0.066,-0.047],[0.081,-0.132],[-0.001,-0.183],[0.007,-0.318],[0.007,-0.393],[-0.002,-0.409],[-0.019,-0.366],[-0.045,-0.264],[-0.079,-0.103],[-0.121,0.118]],"v":[[518,151],[517.997,151.389],[517.986,151.906],[517.973,152.517],[517.962,153.189],[517.957,153.89],[517.964,154.586],[517.987,155.243],[518.031,155.83],[518.101,156.312],[518.201,156.657],[518.336,156.832],[518.511,156.802],[518.731,156.536],[519,156],[519.011,155.234],[519.033,154.153],[519.043,152.934],[519.013,151.757],[518.919,150.797],[518.736,150.232],[518.438,150.241]],"c":true}],"h":1}],"ix":1},"o":{"a":1,"k":[{"t":0,"s":[100],"h":1},{"t":22,"s":[0],"h":1}],"ix":3},"x":{"a":0,"k":0,"ix":4},"nm":"Mask 1"},{"inv":false,"mode":"f","pt":{"a":1,"k":[{"t":1,"s":[{"i":[[-10.451,34.882],[0.388,0.278],[0.808,-0.141],[11.63,-13.703],[10.307,-15.026],[10.655,-13.845],[8.066,-16.434],[-7.496,4.833],[-7.555,4.625],[-7.921,4.143],[-7.616,4.715],[-11.324,6.951],[-11.419,6.211],[-4.212,8.639],[34.606,-7.069]],"o":[[-0.639,-0.027],[-0.388,-0.278],[-12.173,13.16],[-11.63,13.703],[-10.315,14.186],[-10.655,13.845],[8.462,-3.043],[7.496,-4.833],[7.698,-4.712],[7.921,-4.143],[11.286,-6.987],[11.324,-6.951],[7.498,-4.078],[-34.922,3.422],[14.762,-30.571]],"v":[[422,556],[420.626,555.374],[419,555],[383.101,595.101],[350,638],[317.814,679.314],[289,724],[312.68,711.687],[335,697],[358.562,684.002],[382,671],[415.9,649.918],[450,630],[472,615],[377,647]],"c":true}],"h":1},{"t":2,"s":[{"i":[[-4.888,3.446],[5.821,0.011],[5.756,-0.053],[5.706,-0.104],[5.669,-0.14],[5.647,-0.163],[5.638,-0.171],[5.644,-0.165],[-4.606,-2.894],[-4.774,-2.725],[-4.781,-2.719],[-4.626,-2.874],[-5.447,2.886],[-5.478,2.855],[-5.292,3.041]],"o":[[-5.899,-0.09],[-5.821,-0.011],[-5.756,0.053],[-5.706,0.104],[-5.669,0.14],[-5.647,0.163],[-5.638,0.171],[4.276,3.224],[4.606,2.894],[4.774,2.725],[4.781,2.719],[5.198,-3.135],[5.447,-2.886],[5.479,-2.855],[5.292,-3.041]],"v":[[684,610],[666.424,609.853],[649.063,609.92],[631.874,610.159],[614.815,610.529],[597.845,610.987],[580.92,611.492],[564,612],[577.364,621.137],[591.475,629.525],[605.849,637.651],[620,646],[636.022,637.022],[652.465,628.465],[668.675,619.676]],"c":true}],"h":1},{"t":3,"s":[{"i":[[-2.118,3.382],[10.615,-2.302],[10.43,-2.487],[9.85,-3.066],[8.876,-4.041],[-5.681,0.274],[-5.87,0.418],[-5.629,0.436],[-4.958,0.325],[-11.033,0.864],[-10.082,1.832],[-8.235,3.629],[10.12,-0.12],[8.714,1.286],[-3.575,1.925]],"o":[[-10.405,2.512],[-10.615,2.302],[-10.43,2.487],[-9.85,3.066],[5.063,-0.001],[5.681,-0.274],[5.87,-0.418],[5.629,-0.436],[11.086,-0.727],[11.033,-0.864],[10.082,-1.832],[-8.804,-1.196],[-10.12,0.12],[3.581,-1.919],[3.575,-1.925]],"v":[[339,482],[307.372,489.122],[275.707,496.207],[245.188,504.438],[217,515],[233.224,514.555],[250.658,513.486],[268.013,512.173],[284,511],[317.402,508.821],[349.3,504.984],[377,497],[347.932,496.068],[319,495],[330.097,489.597]],"c":true}],"h":1},{"t":4,"s":[{"i":[[1.087,1.839],[16.873,-3.21],[17.174,-2.909],[17.214,-2.87],[16.992,-3.091],[-16.464,0.851],[-16.258,1.03],[-15.79,1.289],[-15.06,1.629],[-4.688,0.441],[-4.027,1.012],[-2.824,2.233],[7.75,-0.25],[6.708,0.792],[-3.575,2.222]],"o":[[-16.311,3.772],[-16.873,3.21],[-17.174,2.909],[-17.214,2.87],[16.409,-0.752],[16.464,-0.851],[16.258,-1.03],[15.79,-1.289],[4.807,-0.52],[4.688,-0.441],[4.027,-1.012],[-4.292,-3.208],[-7.75,0.25],[1.789,-2.273],[3.575,-2.222]],"v":[[308,493],[258.158,503.408],[207.022,512.521],[155.374,521.124],[104,530],[153.374,527.616],[202.522,524.815],[250.659,521.357],[297,517],[311.378,515.721],[324.587,513.705],[335,509],[315.812,505.688],[293,506],[302.657,499.174]],"c":true}],"h":1},{"t":5,"s":[{"i":[[-5.742,1.091],[5.236,-0.324],[5.313,-0.888],[5.295,-0.995],[5.184,-0.644],[6.331,-0.669],[5.622,-1.378],[4.562,-2.438],[-13.57,0.62],[-12.761,0.58],[-4.825,0.173],[-3.2,3.102],[4.714,-0.58],[2.737,1.529],[-5.682,1.151]],"o":[[-5.066,-0.697],[-5.236,0.324],[-5.313,0.888],[-5.295,0.995],[-6.691,0.309],[-6.331,0.669],[-5.622,1.378],[11.96,-0.942],[13.57,-0.62],[4.501,-0.205],[4.825,-0.173],[-2.406,-2.792],[-4.714,0.58],[5.528,-1.305],[5.683,-1.151]],"v":[[213,518],[197.524,517.556],[181.677,519.489],[165.742,522.428],[150,525],[130.38,526.38],[112.363,529.363],[97,535],[135.9,532.728],[176,531],[190.476,531.173],[203,527],[191.248,525.053],[179,525],[195.839,521.34]],"c":true}],"h":1},{"t":6,"s":[{"i":[[-3.233,4.101],[5.4,-2.35],[5.228,-2.522],[4.964,-2.786],[4.609,-3.141],[-2.447,0.647],[-2.252,0.621],[-2.429,0.538],[-2.979,0.398],[0.3,-0.534],[0.307,-0.526],[0.229,-0.605],[0.065,-0.768],[-4.108,3.226],[-3.83,3.504]],"o":[[-5.48,2.27],[-5.4,2.35],[-5.228,2.522],[-4.964,2.786],[3.014,-0.617],[2.447,-0.647],[2.252,-0.621],[2.429,-0.538],[-0.207,0.626],[-0.3,0.534],[-0.307,0.526],[-0.229,0.605],[4.067,-3.267],[4.108,-3.226],[3.83,-3.504]],"v":[[918,189],[901.658,195.908],[885.694,203.194],[870.383,211.133],[856,220],[864.098,218.09],[871.052,216.173],[877.98,214.419],[886,213],[885.218,214.718],[884.286,216.286],[883.462,217.962],[883,220],[895.341,210.341],[907.327,200.327]],"c":true}],"h":1},{"t":7,"s":[{"i":[[-3.019,3.203],[3.572,-1.762],[3.271,-2.063],[3.064,-2.27],[2.95,-2.383],[-0.927,0.24],[-0.78,0.387],[-0.838,0.329],[-1.101,0.065],[0.139,-0.543],[0.021,-0.508],[-0.128,-0.461],[-0.31,-0.401],[-3.29,2.932],[-3.307,2.916]],"o":[[-3.967,1.367],[-3.572,1.762],[-3.271,2.063],[-3.064,2.27],[1.279,0.112],[0.927,-0.24],[0.78,-0.387],[0.838,-0.329],[-0.226,0.566],[-0.139,0.543],[-0.021,0.508],[0.128,0.461],[2.969,-3.253],[3.29,-2.932],[3.307,-2.916]],"v":[[949,169],[937.715,173.716],[927.475,179.476],[917.998,185.998],[909,193],[912.258,192.757],[914.767,191.766],[917.142,190.642],[920,190],[919.445,191.667],[919.197,193.248],[919.351,194.704],[920,196],[929.465,186.798],[939.436,178.102]],"c":true}],"h":1},{"t":8,"s":[{"i":[[2.382,26.394],[0.118,-0.215],[0.139,-0.194],[0.076,-0.257],[-0.071,-0.404],[1.222,-10.404],[1.382,-10.137],[0.777,-10.123],[-2.413,-15.143],[-2.62,-15.868],[-1.508,-11.73],[-3.017,-11.253],[-2.686,16.657],[-0.386,16.671],[5.06,26.165]],"o":[[-0.014,0.32],[-0.118,0.215],[-0.139,0.194],[-0.076,0.257],[-0.298,10.923],[-1.222,10.404],[-1.382,10.137],[-1.271,16.562],[2.413,15.143],[1.953,11.828],[1.508,11.73],[-0.129,-17.702],[2.686,-16.657],[0.624,-26.946],[-5.06,-26.165]],"v":[[480,428],[479.781,428.781],[479.374,429.374],[479.03,430.03],[479,431],[476.528,462.927],[472.43,493.674],[469,524],[471.582,571.02],[480,617],[484.702,652.432],[491,687],[496.114,635.726],[502,586],[493.255,506.586]],"c":true}],"h":1},{"t":9,"s":[{"i":[[5.882,26.118],[0.118,-0.215],[0.139,-0.194],[0.076,-0.257],[-0.071,-0.404],[1.114,-15.913],[0.047,-16.251],[-0.676,-15.371],[0.164,-6.178],[-2.347,-4.224],[-1.892,6.275],[-3.789,4.378],[-1.599,-4.568],[-5.232,-0.935],[2.899,29.101]],"o":[[-0.014,0.32],[-0.118,0.215],[-0.139,0.194],[-0.076,0.257],[-2.527,14.359],[-1.114,15.913],[-0.047,16.251],[0.31,7.063],[-0.165,6.178],[2.645,-5.522],[1.892,-6.275],[2.371,3.795],[1.599,4.568],[-5.522,-26.478],[-2.899,-29.101]],"v":[[478,368],[477.781,368.781],[477.374,369.374],[477.03,370.03],[477,371],[471.625,416.712],[469.97,465.263],[471,513],[470.472,533.13],[473,549],[479.142,530.642],[487,514],[491.855,527.645],[501,537],[489.77,452.23]],"c":true}],"h":1},{"t":10,"s":[{"i":[[0.582,-0.082],[0.118,-0.215],[0.139,-0.194],[0.076,-0.257],[-0.071,-0.404],[1.04,-28.953],[0.69,-28.182],[-0.455,-25.14],[-1.36,6.14],[-3.147,4.353],[-1.364,-4.802],[-3.238,-2.929],[1.434,42.399],[3.792,40.042],[0.327,0.173]],"o":[[-0.014,0.32],[-0.118,0.215],[-0.139,0.194],[-0.076,0.257],[-0.597,27.455],[-1.04,28.953],[-0.69,28.182],[4.411,-3.089],[1.36,-6.14],[1.305,4.862],[1.364,4.802],[-4.471,-39.362],[-1.434,-42.399],[-0.111,-0.389],[-0.327,-0.173]],"v":[[477,237],[476.781,237.781],[476.374,238.374],[476.03,239.03],[476,240],[473.345,325.18],[470.551,411.45],[470,492],[477.448,476.948],[483,460],[486.551,474.949],[493,487],[485.49,363.01],[479,238],[478.353,237.147]],"c":true}],"h":1},{"t":11,"s":[{"i":[[0.538,-0.094],[0.399,-8.371],[0.251,-8.646],[0.102,-8.952],[-0.05,-9.29],[-0.782,-1.135],[-0.866,-1.05],[-1.026,-0.89],[-1.262,-0.654],[0.425,9.439],[0.672,9.616],[0.536,9.744],[0.017,9.822],[0.265,0.179],[0.302,0.142]],"o":[[-0.544,8.127],[-0.399,8.371],[-0.251,8.646],[-0.102,8.952],[0.773,1.144],[0.782,1.135],[0.866,1.05],[1.026,0.89],[0.206,-9.214],[-0.425,-9.439],[-0.672,-9.616],[-0.536,-9.744],[-0.426,-0.018],[-0.265,-0.179],[-0.302,-0.142]],"v":[[477,218],[475.585,242.74],[474.609,268.256],[474.079,294.645],[474,322],[476.313,325.437],[478.767,328.734],[481.586,331.664],[485,334],[484.575,306.009],[482.833,277.413],[480.925,248.362],[480,219],[479.013,218.654],[478.212,218.122]],"c":true}],"h":1},{"t":12,"s":[{"i":[[1.62,11.156],[0.03,0.137],[0.068,0.098],[0.129,0.037],[0.213,-0.046],[6.358,-4.753],[6.229,-4.882],[5.814,-5.297],[1.337,-13.075],[0.26,-11.585],[-4.923,3.723],[-4.767,3.727],[-4.932,3.759],[-4.334,4.106],[-1.611,13.101]],"o":[[-0.014,-0.153],[-0.03,-0.137],[-0.068,-0.098],[-0.129,-0.037],[-6.201,4.91],[-6.358,4.753],[-6.229,4.882],[-1.392,12.117],[-1.337,13.075],[5.542,-1.381],[4.923,-3.723],[4.936,-3.86],[4.932,-3.759],[0.178,-12.442],[1.611,-13.101]],"v":[[523,502],[522.939,501.561],[522.798,501.202],[522.507,500.993],[522,501],[503.09,515.423],[484.137,529.803],[466,545],[461.651,583.399],[459,621],[474.581,612.76],[489,601],[503.951,589.684],[518,578],[521.849,539.035]],"c":true}],"h":1},{"t":13,"s":[{"i":[[-12.138,43.196],[0.804,0.529],[26.511,-36.489],[5.423,2.244],[27.199,-30.468],[3.673,-11.043],[-11.303,2.093],[9.921,-41.762],[-16.507,15.16],[-13.217,18.783],[-5.477,-2.19],[-3.165,10.822],[-18.592,22.565],[-6.124,13.21],[9.414,-0.592]],"o":[[-1.377,0.043],[-35.272,27.728],[-1.408,-6.258],[-5.683,51.984],[-7.443,10.594],[9.76,-0.325],[-16.268,38.744],[21.048,-10.618],[14.604,-17.396],[2.285,5.382],[4.73,-12.418],[9.36,-32.007],[7.845,-11.488],[-12.272,1.067],[16.214,-39.119]],"v":[[591,394],[588,393],[499,493],[492,477],[433,591],[405,619],[438,610],[387,726],[437,681],[478,626],[485,642],[493,607],[544,529],[573,500],[540,509]],"c":true}],"h":1},{"t":15,"s":[{"i":[[0.582,-0.082],[0,-0.333],[0,-0.333],[0,-0.333],[1.642,-11.888],[1.703,-12.26],[2.685,-17.921],[-0.89,-13.845],[-3.359,12.308],[-4.375,11.291],[-1.312,-5.522],[-2.914,-3.919],[2.089,22.468],[-0.664,23.142],[0.327,0.173]],"o":[[0,0.333],[0,0.333],[0,0.333],[-2.73,11.186],[-1.642,11.888],[-2.149,15.471],[-2.685,17.921],[4.188,-11.478],[3.359,-12.308],[1.838,4.995],[1.312,5.522],[0.691,-19.988],[-2.089,-22.468],[-0.111,-0.389],[-0.327,-0.173]],"v":[[506,321],[506,322],[506,323],[506,324],[499.73,358.694],[495,395],[486.72,446.719],[483,496],[493.86,459.86],[505,424],[509.193,440.307],[515,455],[511.52,390.865],[508,322],[507.353,321.147]],"c":true}],"h":1},{"t":16,"s":[{"i":[[-38.383,22.116],[0.389,0.278],[0.384,0.282],[0.428,0.238],[0.52,0.147],[14.028,-6.723],[13.999,-7.011],[14.359,-6.496],[21.069,-9.226],[19.566,-11.524],[-9.342,1.491],[-8.053,2.78],[5.591,-4.296],[0.793,-6.608],[-37.211,23.29]],"o":[[-0.442,-0.225],[-0.389,-0.278],[-0.384,-0.282],[-0.428,-0.238],[-14.446,5.634],[-14.028,6.723],[-13.999,7.011],[-21.158,9.572],[-21.069,9.226],[9.578,-1.255],[9.342,-1.491],[-2.844,6.206],[-5.591,4.296],[40.774,-19.725],[37.211,-23.29]],"v":[[822,360],[820.766,359.234],[819.617,358.383],[818.411,357.59],[817,357],[774.385,375.737],[732.441,396.539],[690,417],[626.306,444.536],[565,475],[593.644,471.144],[620,465],[605.461,479.698],[594,495],[709.793,429.294]],"c":true}],"h":1},{"t":17,"s":[{"i":[[0.924,12.165],[0,-0.25],[0,-0.25],[0,-0.25],[0,-0.25],[1.095,-6.945],[1.129,-7.003],[1.094,-6.932],[0.991,-6.732],[0.586,-2.186],[0.401,-2.2],[-0.261,-2.039],[-1.4,-1.703],[-2.382,12.39],[-0.234,13.798]],"o":[[0,0.25],[0,0.25],[0,0.25],[0,0.25],[-0.994,6.758],[-1.095,6.945],[-1.129,7.003],[-1.094,6.932],[-0.294,1.996],[-0.586,2.186],[-0.401,2.2],[0.261,2.039],[5.519,-7.939],[2.382,-12.39],[0.234,-13.798]],"v":[[518,222],[518,222.75],[518,223.5],[518,224.25],[518,225],[514.849,245.586],[511.496,266.539],[508.145,287.473],[505,308],[503.56,314.317],[501.959,320.94],[501.629,327.343],[504,333],[515.604,301.746],[519.281,261.704]],"c":true}],"h":1},{"t":18,"s":[{"i":[[0.893,6.572],[0.644,-4.284],[0.685,-4.42],[0.645,-4.47],[0.524,-4.433],[0.321,-4.31],[0.037,-4.1],[-0.328,-3.803],[-0.677,0.604],[-0.665,1.039],[-0.655,1.041],[-0.648,0.609],[-0.296,6.683],[-0.451,6.958],[-0.055,6.922]],"o":[[-0.521,4.061],[-0.644,4.284],[-0.685,4.42],[-0.645,4.47],[-0.524,4.433],[-0.321,4.31],[-0.037,4.1],[0.692,0.266],[0.677,-0.604],[0.665,-1.039],[0.655,-1.041],[-0.411,-6.094],[0.296,-6.683],[0.451,-6.958],[0.055,-6.922]],"v":[[519,204],[517.233,216.54],[515.22,229.618],[513.205,242.975],[511.431,256.351],[510.143,269.487],[509.584,282.123],[510,294],[512.053,293.385],[514.066,290.812],[516.046,287.583],[518,285],[517.965,265.757],[519.223,245.217],[520.12,224.319]],"c":true}],"h":1},{"t":19,"s":[{"i":[[1.047,0.7],[4.731,-2.685],[4.39,-3.026],[3.839,-3.578],[3.077,-4.34],[-2.415,1.418],[-2.174,1.659],[-2.172,1.661],[-2.408,1.425],[-1.185,0.732],[-1.174,0.743],[-1.027,0.89],[-0.745,1.172],[-1.83,1.248],[-1.054,1.293]],"o":[[-4.862,2.555],[-4.731,2.685],[-4.39,3.026],[-3.839,3.578],[2.895,-0.938],[2.415,-1.418],[2.174,-1.659],[2.172,-1.661],[1.06,-0.856],[1.185,-0.732],[1.174,-0.743],[1.027,-0.89],[1.284,-0.566],[1.83,-1.248],[1.054,-1.293]],"v":[[876,318],[861.558,325.808],[847.822,334.323],[835.426,344.176],[825,356],[832.905,352.406],[839.73,347.731],[846.19,342.69],[853,338],[856.401,335.651],[859.973,333.473],[863.308,331.058],[866,328],[871.002,325.12],[875.659,321.148]],"c":true}],"h":1},{"t":20,"s":[{"i":[[-1.061,1.606],[1.396,-0.938],[1.391,-0.943],[1.377,-0.956],[1.356,-0.978],[1.326,-1.008],[1.287,-1.046],[1.24,-1.093],[1.185,-1.148],[-1.73,0.936],[-1.696,0.97],[-1.631,1.035],[-1.535,1.131],[-1.408,1.259],[-1.25,1.417]],"o":[[-1.392,0.941],[-1.396,0.938],[-1.391,0.943],[-1.377,0.956],[-1.356,0.978],[-1.326,1.008],[-1.287,1.046],[-1.24,1.093],[1.733,-0.933],[1.73,-0.936],[1.696,-0.97],[1.631,-1.035],[1.535,-1.131],[1.408,-1.259],[1.25,-1.417]],"v":[[886,310],[881.816,312.816],[877.634,315.634],[873.48,318.48],[869.378,321.378],[865.354,324.354],[861.433,327.433],[857.64,330.64],[854,334],[859.203,331.203],[864.351,328.351],[869.35,325.351],[874.108,322.108],[878.531,318.531],[882.526,314.526]],"c":true}],"h":1},{"t":21,"s":[{"i":[[-0.157,0.51],[0.44,-0.213],[0.471,-0.24],[0.46,-0.267],[0.406,-0.293],[0.309,-0.318],[0.169,-0.344],[-0.013,-0.369],[-0.238,-0.393],[-0.46,0.207],[-0.409,0.258],[-0.359,0.308],[-0.308,0.359],[-0.258,0.409],[-0.207,0.46]],"o":[[-0.366,0.186],[-0.44,0.213],[-0.471,0.24],[-0.46,0.267],[-0.406,0.293],[-0.309,0.318],[-0.169,0.344],[0.013,0.369],[0.51,-0.157],[0.46,-0.207],[0.409,-0.258],[0.359,-0.308],[0.308,-0.359],[0.258,-0.409],[0.207,-0.46]],"v":[[889,308],[887.781,308.599],[886.403,309.279],[884.996,310.039],[883.687,310.877],[882.605,311.794],[881.877,312.788],[881.633,313.857],[882,315],[883.455,314.455],[884.758,313.758],[885.909,312.909],[886.909,311.909],[887.758,310.758],[888.455,309.455]],"c":true}],"h":1}],"ix":1},"o":{"a":1,"k":[{"t":0,"s":[0],"h":1},{"t":1,"s":[100],"h":1},{"t":14,"s":[0],"h":1},{"t":15,"s":[100],"h":1},{"t":22,"s":[0],"h":1}],"ix":3},"x":{"a":0,"k":0,"ix":4},"nm":"Mask 2"},{"inv":false,"mode":"f","pt":{"a":1,"k":[{"t":2,"s":[{"i":[[-29.587,36.414],[40.297,-29.703],[29.313,-21.767],[3.779,-12.718],[-13.482,6.778],[-14.469,6.659],[6.927,-14.395],[0.774,-16.167],[-3.159,3.996],[-11.74,13.36],[-16.8,18.533]],"o":[[-40.598,29.403],[-31.704,20.575],[-9.683,7.19],[16.317,-0.348],[14.341,-7.21],[-7.825,13.258],[-6.641,13.8],[5.879,0.396],[11.866,-15.01],[16.206,-19.128],[31.692,-37.642]],"v":[[791,276],[667,362],[574,426],[547,452],[590,434],[633,413],[612,455],[595,499],[608,488],[643,444],[692,387]],"c":true}],"h":1},{"t":3,"s":[{"i":[[0.667,0],[0.167,0],[0.167,0],[28.541,-2.058],[18.005,-7.851],[-9.867,0.097],[-8.714,-1.304],[4.38,-6.62],[-22.312,4.022],[-10.685,2.896],[-3.833,6.871]],"o":[[-0.167,0],[-0.167,0],[-24.832,2.918],[-28.541,2.058],[9.817,1.086],[9.867,-0.097],[-7.417,3.583],[23.527,-2.807],[9.307,-2.557],[10.143,-2.749],[-0.667,0]],"v":[[749,599],[748.5,599],[748,599],[664.379,604.801],[591,618],[620.827,618.837],[649,620],[629,633],[693,618],[724,610],[751,599]],"c":true}],"h":1},{"t":4,"s":[{"i":[[-34.391,6.109],[22.438,-1.112],[21.91,-1.488],[20.685,-2.443],[5.821,-1.08],[3.938,-2.998],[-7.78,0.28],[-6.659,-0.841],[3.124,-1.876],[2.003,-2.997],[-34.592,5.908]],"o":[[-22.27,1.315],[-22.438,1.112],[-21.91,1.488],[-5.781,0.683],[-5.82,1.08],[4.221,3.279],[7.78,-0.28],[-2.502,2.498],[-3.124,1.876],[33.241,-7.259],[34.592,-5.908]],"v":[[869,588],[801.763,591.495],[735.066,595.249],[671,601],[653.118,603.263],[638,609],[657.172,612.328],[680,612],[671.126,618.126],[663,625],[765.137,605.637]],"c":true}],"h":1},{"t":5,"s":[{"i":[[-17.777,5.176],[8.916,-0.235],[9.036,-0.374],[7.475,-0.629],[5.497,-0.192],[2.858,-3.798],[-4.619,0.33],[-2.428,-0.839],[6.083,-0.917],[3.867,-3.133],[-19.812,2.502]],"o":[[-7.115,0.212],[-8.916,0.235],[-9.036,0.374],[-5.155,0.434],[-5.497,0.192],[3.095,1.48],[4.619,-0.33],[-4.803,2.197],[-6.083,0.917],[18.976,-2.818],[19.812,-2.501]],"v":[[881,587],[856.533,587.641],[829.187,588.525],[804,590],[787.277,589.977],[774,595],[786.501,595.981],[798,596],[780.798,599.798],[765,605],[823.899,597.768]],"c":true}],"h":1},{"t":6,"s":[{"i":[[-4.503,8.887],[0.333,0],[0.333,0],[24.781,-12.385],[25.33,-11.837],[14.308,-12.48],[14.162,-11.55],[6.627,-10.026],[-52.717,21.949],[-18.041,17.626],[-9.065,8.602]],"o":[[-0.333,0],[-0.333,0],[-24.545,12.621],[-24.781,12.385],[-13.605,12.529],[-14.308,12.481],[-9.574,7.808],[51.475,-23.192],[17.142,-18.525],[10.328,-7.338],[9.359,-7.349]],"v":[[623,476],[622,476],[621,476],[547.089,513.588],[472,550],[429.918,587.734],[387,624],[359,648],[510,575],[566,524],[595,500]],"c":true}],"h":1},{"t":7,"s":[{"i":[[0.586,0.081],[14.823,-7.621],[14.886,-7.558],[14.641,-7.804],[-7.991,2.249],[-7.446,1.904],[0,-1.738],[0.537,-2.024],[-15.26,10.24],[-13.284,12.216],[0.084,0.583]],"o":[[-14.453,7.992],[-14.823,7.621],[-14.886,7.558],[6.591,-1.1],[7.991,-2.249],[0.537,2.024],[0,1.738],[13.678,-11.822],[15.26,-10.24],[-0.078,-0.589],[-0.084,-0.583]],"v":[[653,456],[609.009,479.342],[564.367,502.034],[520,525],[542.358,519.604],[566,513],[566.805,518.5],[566,524],[610.295,491.795],[654,459],[653.881,457.119]],"c":true}],"h":1},{"t":8,"s":[{"i":[[0.89,0.443],[0.646,-12.021],[0.595,-12.072],[1.196,4.803],[2.228,3.772],[-2.459,-20.033],[-0.891,-20.274],[-0.152,-6.284],[-3.106,-3.332],[1.11,33.281],[-0.051,33.077]],"o":[[-0.822,11.844],[-0.646,12.021],[-1.986,-4.014],[-1.196,-4.804],[1.274,19.596],[2.459,20.033],[0.287,6.533],[0.152,6.284],[3.389,-31.798],[-1.11,-33.281],[-0.211,-1.122]],"v":[[625,856],[622.83,891.83],[621,928],[616.681,914.319],[612,901],[618.288,960.492],[624,1021],[623.886,1040.901],[628,1056],[630.004,957.96],[627,858]],"c":true}],"h":1},{"t":9,"s":[{"i":[[-5.762,3.634],[5.391,-1.942],[5.016,-2.318],[4.991,-2.342],[5.319,-2.015],[0.95,-1.494],[0.61,-1.835],[-0.184,-2.628],[-5.595,3.669],[-5.597,3.421],[-5.865,3.209]],"o":[[-6.119,1.214],[-5.391,1.942],[-5.016,2.318],[-4.991,2.342],[-0.838,1.606],[-0.95,1.494],[-0.61,1.835],[6.025,-2.903],[5.595,-3.669],[5.779,-3.533],[5.865,-3.208]],"v":[[701,434],[683.823,438.822],[668.3,445.3],[653.377,452.377],[638,459],[635.205,463.538],[632.752,468.419],[632,475],[649.321,464.889],[666,454],[683.513,444.076]],"c":true}],"h":1},{"t":10,"s":[{"i":[[-4.93,3.487],[3.579,-1.313],[3.784,-1.202],[3.735,-1.264],[3.431,-1.5],[2.873,-1.909],[2.061,-2.491],[0.994,-3.247],[-5.59,2.827],[-5.51,2.907],[-5.29,3.127]],"o":[[-3.12,1.596],[-3.579,1.313],[-3.784,1.202],[-3.735,1.264],[-3.431,1.5],[-2.873,1.909],[-2.061,2.491],[5.53,-2.887],[5.59,-2.827],[5.51,-2.907],[5.29,-3.127]],"v":[[715,426],[704.889,430.32],[693.781,434.049],[682.44,437.705],[671.628,441.809],[662.109,446.879],[654.645,453.437],[650,462],[666.715,453.465],[683.4,444.901],[699.635,435.886]],"c":true}],"h":1},{"t":11,"s":[{"i":[[1.181,-4.153],[-2.746,1.17],[-2.5,1.417],[-2.503,1.413],[-2.757,1.16],[-0.116,0.25],[-0.021,0.174],[0.231,0.087],[0.639,-0.011],[4.199,-1.134],[3.672,-1.661]],"o":[[3.243,-0.674],[2.746,-1.17],[2.5,-1.417],[2.504,-1.413],[0.055,-0.314],[0.116,-0.25],[0.021,-0.174],[-0.231,-0.087],[-2.761,2.573],[-4.199,1.134],[-3.672,1.661]],"v":[[698,436],[706.922,433.172],[714.729,429.229],[722.172,424.922],[730,421],[730.296,420.151],[730.541,419.512],[730.266,419.117],[729,419],[718.069,424.069],[705.771,427.771]],"c":true}],"h":1},{"t":12,"s":[{"i":[[6.749,11.7],[0,-0.333],[0,-0.333],[0,-0.333],[-0.427,-1.073],[0.354,-1.854],[-0.264,-10.353],[-0.503,-11.074],[-0.537,-4.871],[-2.624,-3.475],[0.273,19.015]],"o":[[0,0.333],[0,0.333],[0,0.333],[-0.354,1.854],[0.427,1.073],[0.442,11.515],[0.264,10.352],[0.229,5.041],[0.537,4.871],[-0.159,-15.239],[-0.273,-19.015]],"v":[[500,830],[500,831],[500,832],[500,833],[500.5,837],[501,841],[501.955,873.331],[503,905],[503.704,920.174],[508,933],[508.943,878.846]],"c":true}],"h":1},{"t":13,"s":[{"i":[[1.135,1.365],[0.053,-1.312],[-0.042,-1.533],[-0.15,-1.583],[-0.273,-1.46],[-0.409,-1.164],[-0.559,-0.695],[-0.724,-0.055],[0.243,2.257],[0.17,2.33],[0.467,2.033]],"o":[[-0.134,0.917],[-0.053,1.312],[0.042,1.533],[0.15,1.583],[0.273,1.46],[0.409,1.164],[0.559,0.695],[-0.685,-1.814],[-0.243,-2.257],[-0.17,-2.33],[-0.467,-2.033]],"v":[[501,923],[500.716,926.386],[500.695,930.697],[500.979,935.415],[501.61,940.021],[502.629,944],[504.079,946.832],[506,948],[504.7,941.8],[504.174,934.826],[503.311,928.189]],"c":true}],"h":1},{"t":15,"s":[{"i":[[-6.611,1.889],[2.86,-3.029],[2.607,-3.282],[1.642,-4.247],[-13.426,8.407],[-13.072,8.762],[-13.075,8.925],[-11.738,10.262],[30.039,-13.461],[27.523,-15.977],[-8.001,0.499]],"o":[[-2.401,3.488],[-2.86,3.029],[-2.607,3.282],[14.224,-7.61],[13.426,-8.407],[13.963,-8.037],[13.075,-8.925],[-34.321,9.18],[-30.039,13.461],[7.384,-1.116],[8.001,-0.498]],"v":[[576,490],[567.93,499.597],[559.552,508.885],[553,520],[594.364,495.864],[634,470],[674.669,444.669],[712,416],[615.902,450.402],[530,495],[553.58,493.08]],"c":true}],"h":1},{"t":16,"s":[{"i":[[5.681,6.219],[36.966,-23.201],[38.657,-21.509],[-5.626,2.101],[-4.751,2.35],[-5.204,2.731],[-5.005,2.516],[-32.973,14.607],[-30.554,16.709],[16.549,-5.118],[-5.303,4.03]],"o":[[-40.48,19.687],[-36.966,23.201],[5.746,2.755],[5.626,-2.101],[5.179,-2.561],[5.204,-2.731],[31.553,-15.864],[32.973,-14.607],[-18.576,3.091],[3.112,-6.221],[1.88,-5.271]],"v":[[382,625],[267.133,690.634],[155,759],[172.246,758.828],[188,751],[203.63,742.967],[219,735],[316.749,690.134],[413,644],[358,654],[372,640]],"c":true}],"h":1},{"t":17,"s":[{"i":[[0.851,-0.184],[11.513,-4.737],[11.091,-5.159],[10.407,-5.843],[9.462,-6.788],[0.772,-1.895],[0.536,-2.131],[-0.092,-2.759],[-22.848,13.652],[-22.339,14.161],[0.273,0.394]],"o":[[-11.676,4.575],[-11.513,4.737],[-11.091,5.159],[-10.407,5.843],[-0.615,2.052],[-0.772,1.895],[-0.536,2.131],[24.27,-12.23],[22.848,-13.652],[-0.057,-0.61],[-0.273,-0.393]],"v":[[832,351],[797.151,364.901],[763.18,379.68],[730.869,396.119],[701,415],[698.823,420.823],[696.763,426.763],[696,434],[766.449,394.949],[834,353],[833.595,351.404]],"c":true}],"h":1},{"t":18,"s":[{"i":[[-2.159,3.738],[8.939,-4.95],[9.252,-4.637],[11.405,-2.484],[3.517,-4.216],[0.31,-4.897],[-8.723,5.444],[-8.812,5.354],[-4.294,2.843],[-4.315,2.794],[-4.389,2.622]],"o":[[-10.466,3.422],[-8.939,4.95],[-9.252,4.637],[-3.623,3.24],[-3.517,4.216],[10.295,-3.871],[8.723,-5.444],[4.51,-1.833],[4.294,-2.843],[4.284,-2.774],[4.389,-2.622]],"v":[[847,341],[818.352,354.018],[791.525,368.858],[761,380],[749.515,391.257],[743,405],[771.112,390.612],[797,374],[810.146,366.721],[823,358],[836.593,350.223]],"c":true}],"h":1},{"t":19,"s":[{"i":[[-3.216,4.45],[2.759,-1.622],[2.7,-1.681],[2.618,-1.762],[2.515,-1.866],[2.389,-1.992],[2.24,-2.141],[2.069,-2.312],[-4.926,2.741],[-4.538,3.128],[-3.969,3.698]],"o":[[-2.796,1.585],[-2.759,1.622],[-2.7,1.681],[-2.618,1.762],[-2.515,1.866],[-2.389,1.992],[-2.24,2.141],[5.13,-2.536],[4.926,-2.741],[4.538,-3.128],[3.969,-3.698]],"v":[[153,763],[144.661,767.804],[136.467,772.753],[128.484,777.913],[120.778,783.35],[113.418,789.133],[106.47,795.327],[100,802],[115.13,794.129],[129.371,785.371],[142.178,775.177]],"c":true}],"h":1},{"t":20,"s":[{"i":[[-2.183,2.484],[1.652,-1.015],[1.642,-1.025],[1.605,-1.061],[1.543,-1.124],[1.454,-1.213],[1.339,-1.328],[1.198,-1.469],[-2.876,1.791],[-2.711,1.956],[-2.48,2.187]],"o":[[-1.636,1.031],[-1.652,1.015],[-1.642,1.025],[-1.605,1.061],[-1.543,1.124],[-1.454,1.213],[-1.339,1.328],[2.974,-1.692],[2.876,-1.791],[2.711,-1.956],[2.48,-2.187]],"v":[[123,785],[118.062,788.062],[113.115,791.115],[108.238,794.238],[103.509,797.509],[99.007,801.007],[94.811,804.811],[91,809],[99.791,803.791],[108.188,798.187],[115.99,791.99]],"c":true}],"h":1},{"t":21,"s":[{"i":[[-0.302,0.864],[0.536,-0.131],[0.427,-0.239],[0.348,-0.318],[0.299,-0.367],[0.28,-0.387],[0.291,-0.376],[0.331,-0.336],[-0.847,0.32],[-0.669,0.497],[-0.488,0.679]],"o":[[-0.675,-0.008],[-0.536,0.131],[-0.427,0.239],[-0.348,0.318],[-0.299,0.367],[-0.28,0.387],[-0.291,0.376],[1.02,-0.147],[0.847,-0.32],[0.669,-0.497],[0.488,-0.679]],"v":[[96,805],[94.191,805.191],[92.754,805.754],[91.598,806.598],[90.634,807.635],[89.773,808.773],[88.925,809.925],[88,811],[90.802,810.302],[93.077,809.077],[94.814,807.314]],"c":true}],"h":1}],"ix":1},"o":{"a":1,"k":[{"t":1,"s":[0],"h":1},{"t":2,"s":[100],"h":1},{"t":14,"s":[0],"h":1},{"t":15,"s":[100],"h":1},{"t":22,"s":[0],"h":1}],"ix":3},"x":{"a":0,"k":0,"ix":4},"nm":"Mask 3"},{"inv":false,"mode":"f","pt":{"a":1,"k":[{"t":2,"s":[{"i":[[0.981,17.357],[16.205,-18.795],[46.871,-54.129],[-40.37,29.63],[-29.551,21.974],[-5.273,11.548],[6.318,-3.068],[19.941,-7.83],[-6.701,13.966]],"o":[[-18.978,16.022],[-47.627,56.707],[40.634,-29.367],[31.512,-21.234],[9.783,-7.275],[-7.333,-3.538],[-21.904,10.636],[6.967,-13.699],[4.47,-15.227]],"v":[[368,612],[320,669],[172,836],[296,750],[390,686],[417,660],[395,666],[331,698],[352,657]],"c":true}],"h":1},{"t":3,"s":[{"i":[[2.099,16.815],[0.333,0],[0.333,0],[25.142,-24.692],[24.402,-25.432],[-54.209,34.791],[-12.674,17.326],[13.312,-4.393],[16.835,-2.165]],"o":[[-0.333,0],[-0.333,0],[-23.031,26.802],[-25.142,24.692],[57.272,-31.728],[14.837,-15.163],[-15.605,-1.221],[-11.034,7.966],[3.242,-14.794]],"v":[[308,696],[307,696],[306,696],[233.028,772.528],[158,847],[319,741],[370,702],[332,719],[292,736]],"c":true}],"h":1},{"t":4,"s":[{"i":[[8.534,4.8],[-2.866,-12.134],[-2.807,-12.193],[-2.913,-12.087],[-3.183,-11.817],[-1.189,12.367],[-1.272,12.283],[-1.322,12.234],[7.668,5.665]],"o":[[3.09,11.911],[2.866,12.134],[2.807,12.193],[2.913,12.087],[1.072,-12.484],[1.189,-12.367],[1.272,-12.283],[-6.793,-6.541],[-7.668,-5.665]],"v":[[568,613],[576.892,649.108],[585.36,685.64],[593.898,722.102],[603,758],[606.4,720.733],[610.1,683.767],[614,647],[592.306,628.694]],"c":true}],"h":1},{"t":5,"s":[{"i":[[1.162,-0.163],[1.103,-5.73],[2.987,-3.846],[2.093,5.073],[3.754,3.413],[-10.021,-45.096],[-7.378,-14.118],[-0.173,43.206],[2.639,19.683]],"o":[[-2.601,4.233],[-1.103,5.73],[-2.874,-4.293],[-2.093,-5.073],[4.541,51.024],[3.413,15.357],[-1.724,-38.069],[0.091,-22.687],[-0.22,-0.779]],"v":[[608,666],[603.29,681.79],[598,697],[591.16,682.34],[583,669],[612,811],[624,857],[613,732],[610,667]],"c":true}],"h":1},{"t":6,"s":[{"i":[[4.018,0.148],[16.329,-2.337],[14.258,-4.408],[-14.275,0.685],[-13.733,0.093],[-3.759,0.101],[-2.371,2.571],[2.115,-0.115],[0.856,1.144]],"o":[[-16.425,2.242],[-16.329,2.337],[13.166,-1.168],[14.275,-0.685],[3.592,-0.024],[3.759,-0.101],[-1.683,-0.317],[-2.115,0.115],[-0.381,-2.954]],"v":[[169,525],[119.375,531.375],[73,541],[114.575,538.194],[157,537],[168.415,537.41],[178,534],[171.879,534.121],[167,533]],"c":true}],"h":1},{"t":7,"s":[{"i":[[0.275,1.109],[6.017,-0.275],[5.93,-0.731],[5.061,-0.951],[-10.202,-0.956],[-8.062,2.04],[1.563,0.27],[1.024,0.81],[-0.558,0.276]],"o":[[-5.32,-0.415],[-6.017,0.275],[-5.93,0.731],[9.132,0.217],[10.202,0.956],[-0.724,-1.11],[-1.563,-0.27],[0.045,-0.788],[0.557,-0.276]],"v":[[81,524],[63.799,523.85],[45.683,525.418],[29,528],[58.803,530.693],[87,530],[83.225,528.275],[79,527],[80.24,525.74]],"c":true}],"h":1},{"t":8,"s":[{"i":[[-13.08,9.92],[15.97,-7.141],[15.503,-7.608],[13.868,-9.243],[-10.552,4.531],[-9.235,3.265],[1.905,-2.928],[1.875,-2.958],[-14.904,10.68]],"o":[[-15.27,7.842],[-15.97,7.141],[-15.503,7.608],[11.557,-2.611],[10.552,-4.531],[-1.505,3.328],[-1.905,2.928],[14.306,-10.361],[14.904,-10.68]],"v":[[688,437],[640.849,459.182],[593.348,481.014],[549,506],[582.241,494.491],[612,482],[606.777,491.278],[601,500],[645.42,468.169]],"c":true}],"h":1},{"t":9,"s":[{"i":[[4.758,57.094],[1.893,-6.274],[3.582,-4.585],[1.718,4.449],[3.932,2.235],[-1.17,-6.686],[-0.889,-7.069],[-2.404,-22.353],[-4.688,-19.149]],"o":[[-2.846,5.321],[-1.893,6.273],[-2.197,-3.97],[-1.718,-4.449],[-0.568,6.188],[1.17,6.686],[2.694,21.439],[2.404,22.353],[9.725,-56.811]],"v":[[501,567],[494.552,585.052],[487,602],[481.801,588.699],[474,578],[475.408,597.339],[479,618],[486.004,684.718],[496,748]],"c":true}],"h":1},{"t":10,"s":[{"i":[[0.804,0.529],[1.464,-5.703],[2.603,-4.563],[1.394,4.772],[3.078,3.089],[-1.449,-42.551],[-3.798,-40.202],[-0.601,13.663],[-1.407,64.612]],"o":[[-2.543,4.624],[-1.463,5.703],[-1.345,-4.822],[-1.394,-4.772],[4.406,39.593],[1.449,42.551],[6.74,-8.805],[3.083,-70.135],[-1.377,0.043]],"v":[[505,626],[499.546,642.045],[494,658],[490.3,643.2],[484,631],[491.456,755.543],[498,881],[502,841],[508,627]],"c":true}],"h":1},{"t":11,"s":[{"i":[[2.9,0.767],[-0.412,-9.812],[-0.609,-10.041],[-0.642,-9.584],[-0.512,-8.439],[-0.6,11.345],[0.057,12.235],[-0.423,12.187],[1.635,2.031]],"o":[[0.053,8.896],[0.412,9.812],[0.609,10.041],[0.642,9.584],[2.392,-9.518],[0.6,-11.345],[-0.057,-12.235],[-1.56,-2.108],[-1.635,-2.031]],"v":[[495,787],[495.739,815.234],[497.312,845.185],[499.228,874.794],[501,902],[505.204,870.471],[505.734,834.867],[506,798],[501.505,791.495]],"c":true}],"h":1},{"t":15,"s":[{"i":[[2.359,11.087],[0.468,-0.199],[0.124,-0.543],[13.104,-8.229],[13.316,-8.017],[17.942,-12.577],[3.496,-7.077],[-54.708,30.96],[13.892,-2.442]],"o":[[-0.006,0.661],[-0.468,0.199],[-13.267,8.067],[-13.104,8.229],[-20.256,11.657],[-5.977,4.19],[65.826,-16.509],[-15.642,0.691],[5.321,-10.058]],"v":[[422,599],[421.088,600.088],[420,601],[380.537,625.537],[341,650],[284,689],[266,703],[447,625],[402,629]],"c":true}],"h":1},{"t":16,"s":[{"i":[[1.96,25.033],[3.915,-12.918],[3.951,-12.882],[0.917,4.916],[1.698,4.135],[2.015,-30.623],[-2.205,-29.644],[-4.218,26.833],[-4.098,26.709]],"o":[[-4.389,12.445],[-3.915,12.918],[-1.634,-4.199],[-0.917,-4.916],[3.856,31.864],[-2.015,30.623],[4.029,-26.96],[4.218,-26.833],[3.667,-23.897]],"v":[[494,656],[481.672,694.172],[470,733],[466.548,718.952],[463,705],[463.238,798.665],[461,889],[473.448,808.312],[486,728]],"c":true}],"h":1},{"t":17,"s":[{"i":[[-4.922,-1.052],[-22.018,10.316],[-19.166,13.167],[-1.06,3.107],[-0.464,3.703],[0.81,0.19],[21.941,-15.726],[17.396,-9.604],[4.271,-0.396]],"o":[[23.762,-8.57],[22.018,-10.316],[1.297,-2.87],[1.06,-3.107],[-1.003,0.003],[-23.757,13.91],[-18.929,8.071],[-4.092,0.575],[-0.369,2.204]],"v":[[145,768],[213.947,739.948],[276,705],[279.625,696.125],[282,686],[280,685],[209,727],[158,757],[149,762]],"c":true}],"h":1},{"t":18,"s":[{"i":[[0.293,5.664],[8.929,-5.071],[8.697,-5.303],[8.42,-5.58],[8.097,-5.903],[-8.853,4.925],[-9.116,4.662],[-11.663,2.115],[-3.695,4.205]],"o":[[-9.114,4.886],[-8.929,5.071],[-8.697,5.303],[-8.42,5.58],[10.874,-2.904],[8.853,-4.925],[9.116,-4.662],[3.513,-3.515],[3.695,-4.205]],"v":[[234,714],[206.925,728.925],[180.475,744.475],[154.787,760.787],[130,778],[159.019,765.686],[185.402,750.735],[216,740],[227.854,728.612]],"c":true}],"h":1},{"t":19,"s":[{"i":[[1.241,3.04],[0.606,-2.898],[0.265,-3.303],[-0.096,-3.304],[-0.476,-2.902],[-0.876,-2.095],[-0.485,3.819],[-0.43,3.882],[0.145,3.622]],"o":[[-0.929,2.088],[-0.606,2.898],[-0.265,3.303],[0.096,3.304],[0.476,2.902],[0.02,-3.432],[0.485,-3.819],[0.43,-3.882],[-0.145,-3.622]],"v":[[459,905],[456.692,912.58],[455.381,921.982],[455.123,931.994],[455.977,941.404],[458,949],[458.888,938.043],[460.392,926.411],[460.95,915.074]],"c":true}],"h":1},{"t":20,"s":[{"i":[[0.764,0.544],[0,-1.267],[0,-1.267],[0,-1.267],[0,-1.267],[0,-1.267],[-0.401,1.71],[0.025,2.107],[0.413,1.719]],"o":[[0,1.267],[0,1.267],[0,1.267],[0,1.267],[0,1.267],[0.864,-0.527],[0.401,-1.71],[-0.025,-2.107],[-0.413,-1.719]],"v":[[457,943],[457,946.8],[457,950.6],[457,954.4],[457,958.2],[457,962],[458.888,958.448],[459.442,952.526],[458.776,946.59]],"c":true}],"h":1},{"t":21,"s":[{"i":[[0.951,-0.2],[0.021,-0.621],[-0.005,-0.595],[-0.112,-0.488],[-0.301,-0.299],[-0.572,-0.028],[-0.075,0.825],[-0.033,0.783],[0.309,0.441]],"o":[[0.034,0.566],[-0.021,0.621],[0.005,0.595],[0.112,0.488],[0.301,0.299],[-0.182,-0.568],[0.075,-0.825],[0.033,-0.783],[-0.309,-0.441]],"v":[[458,963],[457.999,964.801],[457.954,966.646],[458.11,968.29],[458.71,969.49],[460,970],[459.915,967.835],[460.153,965.347],[459.814,963.436]],"c":true}],"h":1}],"ix":1},"o":{"a":1,"k":[{"t":1,"s":[0],"h":1},{"t":2,"s":[100],"h":1},{"t":12,"s":[0],"h":1},{"t":15,"s":[100],"h":1},{"t":22,"s":[0],"h":1}],"ix":3},"x":{"a":0,"k":0,"ix":4},"nm":"Mask 4"},{"inv":false,"mode":"f","pt":{"a":1,"k":[{"t":4,"s":[{"i":[[-17.942,18.725],[27.307,-17.526],[25.897,-18.937],[-14.619,0.76],[1.194,-9.806],[-12.716,6.65],[-9.667,10.999]],"o":[[-27.875,16.959],[-27.307,17.526],[18.044,-0.657],[-2.807,8.193],[16.336,0.293],[9.667,-10.999],[21.591,-18.41]],"v":[[839,249],[756.016,300.517],[676,355],[720,341],[707,361],[743,337],[775,307]],"c":true}],"h":1},{"t":5,"s":[{"i":[[-12.666,13.334],[7.422,-2.578],[7.686,-2.313],[-0.263,6.071],[9.965,-9.346],[6.331,-10.508],[-15.571,10.429]],"o":[[-8.624,1.376],[-7.422,2.578],[0.607,-5.727],[-11.574,6.683],[-10.082,9.455],[18.101,-7.899],[14.315,-11.685]],"v":[[182,852],[158.297,858.297],[136,866],[143,854],[112,881],[84,910],[134,882]],"c":true}],"h":1},{"t":6,"s":[{"i":[[-28.729,8.938],[17.457,-0.859],[17.68,-0.106],[-2.615,0.282],[-0.66,-1.673],[0.716,-1.118],[0.069,-1.764]],"o":[[-17.49,1.459],[-17.457,0.859],[-0.122,2.455],[2.615,-0.282],[-0.069,1.764],[-0.716,1.118],[33.582,-4.085]],"v":[[909,583],[856.643,586.514],[804,588],[808.913,590.086],[815,591],[813.5,595],[812,599]],"c":true}],"h":1},{"t":7,"s":[{"i":[[20.542,0.125],[-1.775,-0.225],[-1.168,-0.832],[0.221,-0.701],[-0.937,-0.952],[-8.597,0.569],[-7.58,1.587]],"o":[[-0.267,2.267],[1.775,0.225],[-0.054,1.244],[-0.221,0.701],[8.032,-1.135],[8.597,-0.569],[-18.09,-2.576]],"v":[[883,582],[885.923,585.077],[891,586],[890.256,588.719],[891,591],[916.339,588.839],[941,586]],"c":true}],"h":1},{"t":8,"s":[{"i":[[25.405,-19.929],[-24.027,10.973],[-10.653,6.68],[-6.233,2.434],[2.561,2.462],[20.035,-8.965],[0.463,6.144]],"o":[[23.602,-11.398],[11.265,-6.068],[6.082,-2.585],[3.098,-3.407],[-21.291,7.709],[2.328,-6.682],[-26.076,22.591]],"v":[[283,676],[355,643],[390,626],[407,617],[420,607],[358,632],[368,613]],"c":true}],"h":1},{"t":9,"s":[{"i":[[2.618,2.456],[7.441,-4.67],[7.718,-4.393],[7.453,-4.658],[-10.077,4.59],[-10.693,3.974],[-1.437,3.085]],"o":[[-6.624,5.487],[-7.441,4.67],[-7.718,4.393],[12,-2.668],[10.077,-4.59],[0.871,-2.205],[1.437,-3.085]],"v":[[340,640],[318.767,655.1],[295.892,668.559],[273,682],[305.48,670.48],[336,657],[340.617,648.688]],"c":true}],"h":1},{"t":10,"s":[{"i":[[-3.92,7.413],[5.757,-2.743],[5.471,-3.029],[5.353,-3.147],[5.404,-3.096],[-8.619,2.714],[-7.295,4.038]],"o":[[-6.213,2.288],[-5.757,2.743],[-5.471,3.029],[-5.353,3.147],[7.891,-3.442],[8.619,-2.714],[7.295,-4.038]],"v":[[328,657],[310.087,664.588],[293.287,673.288],[277.094,682.594],[261,692],[286.279,683.279],[310.663,673.663]],"c":true}],"h":1},{"t":11,"s":[{"i":[[-1.481,3.964],[3.056,-1.172],[3.004,-1.656],[2.446,-1.781],[1.381,-1.548],[-4.247,1.197],[-3.754,1.691]],"o":[[-2.602,0.33],[-3.056,1.172],[-3.004,1.656],[-2.446,1.781],[2.96,-2.484],[4.247,-1.197],[3.754,-1.691]],"v":[[282,685],[273.386,687.343],[264.169,691.674],[255.867,696.918],[250,702],[261.256,696.923],[273.703,693.036]],"c":true}],"h":1},{"t":15,"s":[{"i":[[1.163,-0.163],[3.403,-11.93],[3.788,-11.544],[1.22,5.78],[3.521,3.479],[-2.355,-44.979],[-6.359,59.975]],"o":[[-3.6,11.734],[-3.403,11.931],[-2.601,-4.399],[-1.22,-5.78],[1.063,42.937],[10.276,-56.057],[-0.221,-0.779]],"v":[[494,624],[483.642,659.642],[473,695],[468.19,678.81],[462,664],[471,799],[496,625]],"c":true}],"h":1},{"t":16,"s":[{"i":[[9.333,0],[37.188,-41.812],[42.5,-46.5],[-20.357,16.976],[-19.976,17.357],[14.851,-33.149],[-68.002,107.997]],"o":[[-44.75,52.253],[-37.188,41.812],[21.594,-15.739],[20.357,-16.976],[-13.157,34.843],[73.648,-99.016],[-9.333,0]],"v":[[853,41],[733.313,178.315],[617,307],[679.714,257.713],[740,206],[698,308],[920,0]],"c":true}],"h":1},{"t":17,"s":[{"i":[[0.656,0.177],[2.282,-11.829],[0.396,-13.715],[0.265,-13.846],[-2.851,18.482],[-3.566,17.767],[0.407,0.426]],"o":[[-5.924,8.187],[-2.282,11.829],[-0.396,13.715],[4.029,-17.305],[2.851,-18.482],[-0.714,-0.12],[-0.407,-0.426]],"v":[[474,786],[462.13,816.464],[458.552,855.219],[458,897],[467.847,842.847],[477,788],[475.457,787.042]],"c":true}],"h":1},{"t":18,"s":[{"i":[[-0.94,20.936],[0.333,0],[0.333,0],[0.995,-1.505],[1.384,-1.116],[0.481,-30.278],[-1.068,7.388]],"o":[[-0.333,0],[-0.333,0],[-1.638,0.862],[-0.995,1.505],[-0.36,27.826],[4.506,-5.255],[3.252,-22.49]],"v":[[469,825],[468,825],[467,825],[463.309,828.809],[460,833],[457,915],[462,894]],"c":true}],"h":1}],"ix":1},"o":{"a":1,"k":[{"t":3,"s":[0],"h":1},{"t":4,"s":[100],"h":1},{"t":12,"s":[0],"h":1},{"t":15,"s":[100],"h":1},{"t":19,"s":[0],"h":1}],"ix":3},"x":{"a":0,"k":0,"ix":4},"nm":"Mask 5"},{"inv":false,"mode":"f","pt":{"a":1,"k":[{"t":4,"s":[{"i":[[-0.82,4.848],[5.816,-4.658],[5.262,-4.659],[5.381,-5.03],[4.966,-5],[11.065,-9.851],[8.883,-9.451],[-27.342,17.491],[-25.88,18.954],[6.951,-3.439],[7.81,-0.084],[-2.821,2.845]],"o":[[-7.474,0.71],[-5.816,4.658],[-5.511,4.879],[-5.381,5.03],[-10.856,9.144],[-11.065,9.851],[27.751,-17.082],[27.342,-17.491],[-9.387,0.159],[-6.951,3.439],[1.895,-3.771],[2.821,-2.845]],"v":[[266,757],[246.341,766.038],[230,781],[213.591,795.909],[198,811],[164.52,839.769],[134,869],[216.904,817.404],[297,763],[273.318,770.056],[252,777],[259.807,767.807]],"c":true}],"h":1},{"t":5,"s":[{"i":[[-7.865,9.302],[8.44,-4.643],[8.17,-4.913],[8.02,-5.063],[7.99,-5.094],[-4.013,1.07],[-3.763,1.32],[-3.743,1.34],[-3.954,1.129],[1.907,-1.768],[-1.087,-2.427],[-10.155,9.595]],"o":[[-8.829,4.254],[-8.44,4.643],[-8.17,4.913],[-8.02,5.063],[4.493,-0.59],[4.013,-1.07],[3.763,-1.32],[3.743,-1.34],[-0.459,2.5],[-1.907,1.768],[10.516,-8.317],[10.155,-9.595]],"v":[[894,211],[868.126,224.376],[843.241,238.74],[818.985,253.735],[795,269],[807.702,266.452],[819.309,262.809],[830.511,258.761],[842,255],[837.34,261.055],[835,267],[866.489,239.739]],"c":true}],"h":1},{"t":6,"s":[{"i":[[0.426,-0.092],[0.701,-2.966],[0.599,-3.067],[0.724,-2.943],[1.074,-2.592],[2.746,5.421],[3.33,4.837],[-8.159,-48.008],[-2.753,-53.414],[4.58,48.516],[1.976,50.083],[0.137,0.197]],"o":[[-1.028,2.639],[-0.701,2.966],[-0.599,3.067],[-0.724,2.943],[-2.685,-5.481],[-2.746,-5.421],[9.611,46.555],[8.159,48.008],[2.296,-49.852],[-4.58,-48.516],[-0.029,-0.305],[-0.136,-0.197]],"v":[[618,706],[615.463,714.463],[613.57,723.57],[611.641,732.641],[609,741],[600.984,724.516],[592,709],[619.644,849.855],[637,1001],[631.204,854.174],[619,707],[618.798,706.202]],"c":true}],"h":1},{"t":7,"s":[{"i":[[0.667,0],[7.392,-1.942],[7.643,-1.691],[-0.059,1.225],[-0.087,2.651],[7.478,-5.522],[7.851,-5.149],[7.887,-5.357],[3.453,-7.227],[-20.447,13.553],[-16.002,7.854],[-2.119,5.314]],"o":[[-6.79,2.543],[-7.392,1.942],[-0.323,-2.448],[0.059,-1.225],[-7.237,5.763],[-7.478,5.522],[-6.998,5.346],[-7.887,5.357],[22.058,-11.942],[16.154,-7.925],[5.326,-2.614],[-0.667,0]],"v":[[448,588],[426.639,594.639],[404,600],[403.692,595.152],[404,590],[381.96,606.96],[359,623],[335.342,638.59],[317,657],[384,622],[435,597],[450,588]],"c":true}],"h":1},{"t":9,"s":[{"i":[[2.6,16.803],[0.273,-1.81],[0.344,-1.739],[0.273,-1.81],[0.062,-2.021],[0.603,0.814],[0.522,0.894],[0.533,0.884],[0.635,0.782],[-1.501,-16.332],[-2.906,-14.928],[-0.845,18.472]],"o":[[-0.062,2.021],[-0.273,1.81],[-0.344,1.739],[-0.273,1.81],[-0.775,-0.641],[-0.603,-0.814],[-0.522,-0.894],[-0.533,-0.884],[1.091,16.743],[1.501,16.332],[-0.781,-18.309],[0.845,-18.472]],"v":[[632,956],[631.461,961.711],[630.5,967],[629.539,972.289],[629,978],[626.955,975.795],[625.289,973.21],[623.729,970.521],[622,968],[625.639,1017.862],[632,1065],[633.364,1009.371]],"c":true}],"h":1},{"t":10,"s":[{"i":[[-0.167,0],[-0.029,7.137],[-0.119,7.048],[-0.155,7.011],[-0.138,7.029],[0.556,-4.691],[1.202,-3.137],[0.742,2.425],[1.56,1.607],[-1.879,-12.678],[-1.154,-12.559],[-0.167,0]],"o":[[-0.114,-7.281],[0.029,-7.137],[0.119,-7.048],[0.155,-7.011],[-1.575,1.099],[-0.556,4.691],[-1.472,-1.695],[-0.742,-2.425],[0.332,11.729],[1.879,12.678],[0.167,0],[0.167,0]],"v":[[636,1070],[635.886,1048.386],[636.122,1027.122],[636.547,1006.047],[637,985],[634.22,994.972],[632,1008],[629.066,1001.434],[626,995],[629.884,1031.878],[635,1070],[635.5,1070]],"c":true}],"h":1},{"t":15,"s":[{"i":[[-5.116,29.896],[1,0],[0,0],[0,0],[0,0],[-5.814,6.15],[0,0],[-26.12,25.879],[-13.062,12.938],[-6.682,6.682],[0,0],[0,0]],"o":[[-1,0],[-0.24,1.427],[0,0],[0,0],[0,0],[44.235,-46.791],[0,0],[10.738,-15.262],[6.899,-4.604],[6.144,-6.144],[0,0],[0,0]],"v":[[344,713],[341,713],[339,716],[231,892],[124,1054],[137,1045],[266,901],[342,821],[381,782],[401,763],[416,743],[316,802]],"c":true}],"h":1},{"t":16,"s":[{"i":[[0,0],[0,0],[0,0],[0,0],[0,0],[-38.123,43.21],[-41.507,40.159],[20.489,-16.845],[18.812,-18.522],[-7.226,17.024],[-6.642,16.692],[36.018,-52.107]],"o":[[0,0],[0,0],[0,0],[0,0],[0,0],[38.123,-43.21],[-21.233,16.1],[-20.489,16.845],[4.455,-17.212],[7.226,-17.024],[-30.928,41.573],[-36.018,52.107]],"v":[[104,1062],[113.844,1056.219],[127.625,1048.125],[147.312,1036.562],[167,1025],[232.87,948.619],[361,812],[298.184,861.184],[239,914],[257.36,862.61],[279,812],[168.304,968.18]],"c":true}],"h":1},{"t":17,"s":[{"i":[[0,0],[-18.789,19.67],[-13.346,18.822],[4.726,-4.022],[5.042,-2.793],[4.954,-3.379],[4.724,-3.61],[5.181,-2.319],[0,0],[0,0],[0,0],[0,0]],"o":[[0,0],[18.789,-19.67],[-5.053,1.117],[-4.726,4.023],[-4.459,3.875],[-4.954,3.379],[-4.276,1.724],[-5.181,2.319],[0,0],[0,0],[0,0],[0,0]],"v":[[124.5,1061.5],[158.741,1026.866],[213,964],[198.492,972.743],[184,984],[169.698,994.699],[155,1005],[139.293,1011.793],[130,1016],[114.375,1042.5],[98.75,1069],[111.625,1065.25]],"c":true}],"h":1},{"t":18,"s":[{"i":[[0,0],[-1.558,1.666],[-2.421,2.683],[-2.59,3.05],[-2.064,2.769],[4.3,-3.325],[3.766,-3.442],[2.333,-2.334],[0,0],[0,0],[0,0],[0,0]],"o":[[0,0],[1.558,-1.666],[2.421,-2.683],[2.59,-3.05],[-3.935,1.982],[-4.3,3.325],[-3.766,3.442],[-2.333,2.334],[0,0],[0,0],[0,0],[0,0]],"v":[[125.5,1065],[128.011,1062.339],[134.154,1055.654],[141.845,1046.892],[149,1038],[136.423,1046.267],[124.098,1056.723],[114.724,1065.693],[111,1069.5],[113.266,1068.797],[116.438,1067.812],[120.969,1066.406]],"c":true}],"h":1}],"ix":1},"o":{"a":1,"k":[{"t":3,"s":[0],"h":1},{"t":4,"s":[100],"h":1},{"t":8,"s":[0],"h":1},{"t":9,"s":[100],"h":1},{"t":11,"s":[0],"h":1},{"t":15,"s":[100],"h":1},{"t":19,"s":[0],"h":1}],"ix":3},"x":{"a":0,"k":0,"ix":4},"nm":"Mask 6"},{"inv":false,"mode":"f","pt":{"a":1,"k":[{"t":6,"s":[{"i":[[0.539,3.872],[6.068,-4.932],[4.93,-6.07],[-10.89,5.19],[-8.778,6.396],[8.013,-0.329]],"o":[[-5.797,5.203],[-6.068,4.932],[9.663,-3.846],[10.89,-5.19],[-9.757,1.916],[0.451,-2.882]],"v":[[99,904],[80.85,918.85],[64,935],[95.664,921.412],[126,904],[96,911]],"c":true}],"h":1},{"t":7,"s":[{"i":[[1.615,-0.282],[4,-13],[6.391,8.942],[-3.481,-32.308],[-9.728,-28.351],[4.766,62.973]],"o":[[-5.157,11.843],[-3.863,-11.471],[1.76,28.33],[3.506,32.543],[1.464,-63.998],[-1.279,-0.055]],"v":[[620,819],[613,863],[601,829],[615,920],[628,1015],[623,820]],"c":true}],"h":1}],"ix":1},"o":{"a":1,"k":[{"t":5,"s":[0],"h":1},{"t":6,"s":[100],"h":1},{"t":8,"s":[0],"h":1}],"ix":3},"x":{"a":0,"k":0,"ix":4},"nm":"Mask 7"},{"inv":false,"mode":"f","pt":{"a":0,"k":{"i":[[4.103,-0.458],[7.565,-10.768],[-12.429,8.904],[4.554,0.423]],"o":[[-8.18,10.154],[14.996,-6.338],[-3.57,-2.592],[-1.407,-2.863]],"v":[[50,918],[22,945],[62,921],[51,923]],"c":true},"ix":1},"o":{"a":1,"k":[{"t":6,"s":[0],"h":1},{"t":7,"s":[100],"h":1},{"t":8,"s":[0],"h":1}],"ix":3},"x":{"a":0,"k":0,"ix":4},"nm":"Mask 8"}],"sw":988,"sh":1070,"sc":"#ffffff","ip":0,"op":23,"st":0,"bm":0}]}],"layers":[{"ddd":0,"ind":1,"ty":0,"nm":"Energy_FP_18-1","refId":"comp_0","sr":1,"ks":{"o":{"a":0,"k":100,"ix":11},"r":{"a":0,"k":0,"ix":10},"p":{"a":0,"k":[500,500,0],"ix":2},"a":{"a":0,"k":[500,500,0],"ix":1},"s":{"a":0,"k":[96.727,96.727,100],"ix":6}},"ao":0,"tm":{"a":1,"k":[{"i":{"x":[0.833],"y":[0.833]},"o":{"x":[0.167],"y":[0.167]},"t":1,"s":[0]},{"t":24,"s":[0.958]}],"ix":2,"x":"var $bm_rt;\nvar start_key, end_key;\ntry {\n    start_key = key(1).value;\n    end_key = key(2).value;\n    $bm_rt = linear(time, inPoint, outPoint, start_key, end_key);\n} catch (ex) {\n    $bm_rt = value;\n}"},"w":1000,"h":1000,"ip":1,"op":24,"st":1,"bm":0}],"markers":[]}