{"v":"4.8.0","meta":{"g":"LottieFiles AE 3.1.1","a":"","k":"","d":"","tc":""},"fr":30,"ip":0,"op":40,"w":1080,"h":1080,"nm":"Ripple_Animation 2","ddd":0,"assets":[],"layers":[{"ddd":0,"ind":8,"ty":4,"nm":"Shape Layer 12","sr":1,"ks":{"o":{"a":0,"k":100,"ix":11},"r":{"a":0,"k":0,"ix":10},"p":{"a":0,"k":[540,540,0],"ix":2},"a":{"a":0,"k":[0,0,0],"ix":1},"s":{"a":1,"k":[{"i":{"x":[0.309,0.309,0.667],"y":[1,1,1]},"o":{"x":[0.167,0.167,0.167],"y":[0.167,0.167,-4.038]},"t":6,"s":[5,5,100]},{"t":37,"s":[131,131,100]}],"ix":6}},"ao":0,"shapes":[{"ty":"gr","it":[{"ind":0,"ty":"sh","ix":1,"ks":{"a":1,"k":[{"i":{"x":0.833,"y":0.833},"o":{"x":0.167,"y":0},"t":1,"s":[{"i":[[212.39,0],[0,-81.224],[-306.205,0],[0,94.366]],"o":[[-212.39,0],[0,81.223],[306.205,0],[0,-94.366]],"v":[[20.453,-322.296],[-220.763,-27.908],[74.116,352.296],[342.818,-5.157]],"c":true}]},{"i":{"x":0.833,"y":1},"o":{"x":0.167,"y":0.167},"t":40,"s":[{"i":[[293.663,56.938],[55.237,-181.908],[-374.64,0],[38.818,162.843]],"o":[[-390.453,-75.704],[-55.237,181.908],[506.972,19.704],[-38.818,-162.843]],"v":[[20.453,-322.296],[-220.763,-27.908],[3.028,352.296],[342.818,-5.157]],"c":true}]},{"t":47,"s":[{"i":[[280.617,40.007],[-107.061,-212.913],[-257.137,-48.55],[3.641,174.067]],"o":[[-280.617,-40.007],[107.061,212.913],[257.137,48.55],[-3.641,-174.067]],"v":[[97.539,-322.296],[-220.763,-27.908],[-35.515,352.296],[342.818,-5.157]],"c":true}]}],"ix":2},"nm":"Path 1","mn":"ADBE Vector Shape - Group","hd":false},{"ty":"st","c":{"a":0,"k":[1,1,1,1],"ix":3},"o":{"a":0,"k":100,"ix":4},"w":{"a":1,"k":[{"i":{"x":[0.833],"y":[0.833]},"o":{"x":[0.167],"y":[0.167]},"t":6,"s":[0]},{"i":{"x":[0.667],"y":[1]},"o":{"x":[0.167],"y":[0.167]},"t":9,"s":[120]},{"t":39,"s":[0]}],"ix":5},"lc":1,"lj":1,"ml":4,"bm":0,"nm":"Stroke 1","mn":"ADBE Vector Graphic - Stroke","hd":false},{"ty":"tr","p":{"a":0,"k":[0,0],"ix":2},"a":{"a":0,"k":[0,0],"ix":1},"s":{"a":0,"k":[100,100],"ix":3},"r":{"a":0,"k":0,"ix":6},"o":{"a":0,"k":100,"ix":7},"sk":{"a":0,"k":0,"ix":4},"sa":{"a":0,"k":0,"ix":5},"nm":"Transform"}],"nm":"Shape 1","np":3,"cix":2,"bm":0,"ix":1,"mn":"ADBE Vector Group","hd":false}],"ip":5,"op":104,"st":4,"bm":0},{"ddd":0,"ind":9,"ty":4,"nm":"Shape Layer 11","sr":1,"ks":{"o":{"a":0,"k":100,"ix":11},"r":{"a":0,"k":0,"ix":10},"p":{"a":0,"k":[520,540,0],"ix":2},"a":{"a":0,"k":[0,0,0],"ix":1},"s":{"a":1,"k":[{"i":{"x":[0.339,0.339,0.667],"y":[1,1,1]},"o":{"x":[0.167,0.167,0.167],"y":[0.167,0.167,-4.049]},"t":3,"s":[5,5,100]},{"t":38,"s":[143,143,100]}],"ix":6}},"ao":0,"shapes":[{"ty":"gr","it":[{"ind":0,"ty":"sh","ix":1,"ks":{"a":1,"k":[{"i":{"x":0.833,"y":1},"o":{"x":0.167,"y":0},"t":5,"s":[{"i":[[212.39,0],[0,-81.224],[-306.205,0],[0,94.366]],"o":[[-212.39,0],[0,81.223],[306.205,0],[0,-94.366]],"v":[[20.453,-322.296],[-220.763,-27.908],[74.116,352.296],[342.818,-5.157]],"c":true}]},{"i":{"x":0.833,"y":0.833},"o":{"x":0.167,"y":0},"t":21,"s":[{"i":[[280.617,40.007],[-107.061,-212.913],[-257.137,-48.55],[3.641,174.067]],"o":[[-280.617,-40.007],[107.061,212.913],[257.137,48.55],[-3.641,-174.067]],"v":[[97.539,-322.296],[-220.763,-27.908],[-35.515,352.296],[342.818,-5.157]],"c":true}]},{"t":43,"s":[{"i":[[293.663,56.938],[55.237,-181.908],[-374.64,0],[38.818,162.843]],"o":[[-390.453,-75.704],[-55.237,181.908],[506.972,19.704],[-38.818,-162.843]],"v":[[20.453,-322.296],[-220.763,-27.908],[3.028,352.296],[342.818,-5.157]],"c":true}]}],"ix":2},"nm":"Path 1","mn":"ADBE Vector Shape - Group","hd":false},{"ty":"st","c":{"a":0,"k":[1,1,1,1],"ix":3},"o":{"a":0,"k":100,"ix":4},"w":{"a":1,"k":[{"i":{"x":[0.667],"y":[1]},"o":{"x":[0.167],"y":[0.167]},"t":11,"s":[120]},{"t":31,"s":[0]}],"ix":5},"lc":1,"lj":1,"ml":4,"bm":0,"nm":"Stroke 1","mn":"ADBE Vector Graphic - Stroke","hd":false},{"ty":"tr","p":{"a":0,"k":[0,0],"ix":2},"a":{"a":0,"k":[0,0],"ix":1},"s":{"a":0,"k":[100,100],"ix":3},"r":{"a":0,"k":0,"ix":6},"o":{"a":0,"k":100,"ix":7},"sk":{"a":0,"k":0,"ix":4},"sa":{"a":0,"k":0,"ix":5},"nm":"Transform"}],"nm":"Shape 1","np":3,"cix":2,"bm":0,"ix":1,"mn":"ADBE Vector Group","hd":false}],"ip":2,"op":102,"st":2,"bm":0},{"ddd":0,"ind":10,"ty":4,"nm":"Shape Layer 10","sr":1,"ks":{"o":{"a":0,"k":100,"ix":11},"r":{"a":0,"k":0,"ix":10},"p":{"a":0,"k":[540,540,0],"ix":2},"a":{"a":0,"k":[0,0,0],"ix":1},"s":{"a":1,"k":[{"i":{"x":[0.365,0.365,0.667],"y":[1,1,1]},"o":{"x":[0.167,0.167,0.167],"y":[0.167,0.167,-4.029]},"t":2,"s":[5,5,100]},{"t":40,"s":[122,122,100]}],"ix":6}},"ao":0,"shapes":[{"ty":"gr","it":[{"ind":0,"ty":"sh","ix":1,"ks":{"a":1,"k":[{"i":{"x":0.833,"y":0.833},"o":{"x":0.167,"y":0},"t":4,"s":[{"i":[[212.39,0],[0,-81.224],[-306.205,0],[0,94.366]],"o":[[-212.39,0],[0,81.223],[306.205,0],[0,-94.366]],"v":[[20.453,-322.296],[-220.763,-27.908],[74.116,352.296],[342.818,-5.157]],"c":true}]},{"i":{"x":0.833,"y":1},"o":{"x":0.167,"y":0.167},"t":10,"s":[{"i":[[293.663,56.938],[55.237,-181.908],[-374.64,0],[38.818,162.843]],"o":[[-390.453,-75.704],[-55.237,181.908],[506.972,19.704],[-38.818,-162.843]],"v":[[20.453,-322.296],[-220.763,-27.908],[3.028,352.296],[342.818,-5.157]],"c":true}]},{"t":23,"s":[{"i":[[280.617,40.007],[-107.061,-212.913],[-257.137,-48.55],[3.641,174.067]],"o":[[-280.617,-40.007],[107.061,212.913],[257.137,48.55],[-3.641,-174.067]],"v":[[97.539,-322.296],[-220.763,-27.908],[-35.515,352.296],[342.818,-5.157]],"c":true}]}],"ix":2},"nm":"Path 1","mn":"ADBE Vector Shape - Group","hd":false},{"ty":"st","c":{"a":0,"k":[1,1,1,1],"ix":3},"o":{"a":0,"k":100,"ix":4},"w":{"a":1,"k":[{"i":{"x":[0.667],"y":[1]},"o":{"x":[0.167],"y":[0.167]},"t":10,"s":[120]},{"t":30,"s":[0]}],"ix":5},"lc":1,"lj":1,"ml":4,"bm":0,"nm":"Stroke 1","mn":"ADBE Vector Graphic - Stroke","hd":false},{"ty":"tr","p":{"a":0,"k":[0,0],"ix":2},"a":{"a":0,"k":[0,0],"ix":1},"s":{"a":0,"k":[100,100],"ix":3},"r":{"a":0,"k":0,"ix":6},"o":{"a":0,"k":100,"ix":7},"sk":{"a":0,"k":0,"ix":4},"sa":{"a":0,"k":0,"ix":5},"nm":"Transform"}],"nm":"Shape 1","np":3,"cix":2,"bm":0,"ix":1,"mn":"ADBE Vector Group","hd":false}],"ip":1,"op":101,"st":1,"bm":0}],"markers":[]}