{"v":"4.8.0","meta":{"g":"LottieFiles AE 3.1.1","a":"","k":"","d":"","tc":""},"fr":30,"ip":0,"op":75,"w":1080,"h":300,"nm":"Ripple_Animation 4","ddd":0,"assets":[{"id":"comp_0","layers":[{"ddd":0,"ind":1,"ty":0,"nm":"Line_Sweep_Animation_02","refId":"comp_1","sr":1,"ks":{"o":{"a":0,"k":100,"ix":11},"r":{"a":0,"k":0,"ix":10},"p":{"a":0,"k":[540,150,0],"ix":2},"a":{"a":0,"k":[540,150,0],"ix":1},"s":{"a":0,"k":[100,100,100],"ix":6}},"ao":0,"w":1080,"h":300,"ip":18,"op":118,"st":18,"bm":0},{"ddd":0,"ind":2,"ty":0,"nm":"Line_Sweep_Animation_02","refId":"comp_1","sr":1,"ks":{"o":{"a":0,"k":100,"ix":11},"r":{"a":0,"k":0,"ix":10},"p":{"a":0,"k":[540,150,0],"ix":2},"a":{"a":0,"k":[540,150,0],"ix":1},"s":{"a":0,"k":[100,100,100],"ix":6}},"ao":0,"w":1080,"h":300,"ip":15,"op":115,"st":15,"bm":0},{"ddd":0,"ind":3,"ty":0,"nm":"Line_Sweep_Animation_02","refId":"comp_1","sr":1,"ks":{"o":{"a":0,"k":100,"ix":11},"r":{"a":0,"k":0,"ix":10},"p":{"a":0,"k":[540,150,0],"ix":2},"a":{"a":0,"k":[540,150,0],"ix":1},"s":{"a":0,"k":[100,100,100],"ix":6}},"ao":0,"w":1080,"h":300,"ip":12,"op":112,"st":12,"bm":0},{"ddd":0,"ind":4,"ty":0,"nm":"Line_Sweep_Animation_02","refId":"comp_1","sr":1,"ks":{"o":{"a":0,"k":100,"ix":11},"r":{"a":0,"k":0,"ix":10},"p":{"a":0,"k":[540,150,0],"ix":2},"a":{"a":0,"k":[540,150,0],"ix":1},"s":{"a":0,"k":[100,100,100],"ix":6}},"ao":0,"w":1080,"h":300,"ip":9,"op":109,"st":9,"bm":0},{"ddd":0,"ind":5,"ty":0,"nm":"Line_Sweep_Animation_02","refId":"comp_1","sr":1,"ks":{"o":{"a":0,"k":100,"ix":11},"r":{"a":0,"k":0,"ix":10},"p":{"a":0,"k":[540,150,0],"ix":2},"a":{"a":0,"k":[540,150,0],"ix":1},"s":{"a":0,"k":[100,100,100],"ix":6}},"ao":0,"w":1080,"h":300,"ip":6,"op":106,"st":6,"bm":0},{"ddd":0,"ind":6,"ty":0,"nm":"Line_Sweep_Animation_02","refId":"comp_1","sr":1,"ks":{"o":{"a":0,"k":100,"ix":11},"r":{"a":0,"k":0,"ix":10},"p":{"a":0,"k":[540,150,0],"ix":2},"a":{"a":0,"k":[540,150,0],"ix":1},"s":{"a":0,"k":[100,100,100],"ix":6}},"ao":0,"w":1080,"h":300,"ip":3,"op":103,"st":3,"bm":0},{"ddd":0,"ind":7,"ty":0,"nm":"Line_Sweep_Animation_02","refId":"comp_1","sr":1,"ks":{"o":{"a":0,"k":100,"ix":11},"r":{"a":0,"k":0,"ix":10},"p":{"a":0,"k":[540,150,0],"ix":2},"a":{"a":0,"k":[540,150,0],"ix":1},"s":{"a":0,"k":[100,100,100],"ix":6}},"ao":0,"w":1080,"h":300,"ip":0,"op":100,"st":0,"bm":0}]},{"id":"comp_1","layers":[{"ddd":0,"ind":1,"ty":0,"nm":"Line_Shape_Animation 2","refId":"comp_2","sr":1,"ks":{"o":{"a":0,"k":100,"ix":11},"r":{"a":0,"k":0,"ix":10},"p":{"a":0,"k":[106,150,0],"ix":2},"a":{"a":0,"k":[540,150,0],"ix":1},"s":{"a":0,"k":[-180,100,100],"ix":6}},"ao":0,"w":1080,"h":300,"ip":0,"op":100,"st":0,"bm":0}]},{"id":"comp_2","layers":[{"ddd":0,"ind":1,"ty":4,"nm":"Shape Layer 1","sr":1,"ks":{"o":{"a":0,"k":100,"ix":11},"r":{"a":0,"k":0,"ix":10},"p":{"a":1,"k":[{"i":{"x":0.214,"y":1},"o":{"x":0.8,"y":0},"t":1,"s":[539.375,151.25,0],"to":[-80,0,0],"ti":[80,0,0]},{"t":52.8955078125,"s":[59.375,151.25,0]}],"ix":2},"a":{"a":0,"k":[-13.5,7.353,0],"ix":1},"s":{"a":1,"k":[{"i":{"x":[0.667,0.667,0.667],"y":[1,1,1]},"o":{"x":[0.167,0.167,0.167],"y":[0.167,0.167,0]},"t":1,"s":[2,17,100]},{"i":{"x":[0.833,0.833,0.833],"y":[0.833,0.833,1]},"o":{"x":[0.167,0.167,0.167],"y":[0,0,0]},"t":27.5,"s":[40,100,100]},{"t":54,"s":[6,17,100]}],"ix":6}},"ao":0,"shapes":[{"ty":"gr","it":[{"ind":0,"ty":"sh","ix":1,"ks":{"a":0,"k":{"i":[[0,0],[0,-82],[0,0],[1.212,79.895]],"o":[[0,0],[0,82],[0,0],[-1.212,-79.895]],"v":[[-13,-108.5],[-39,8],[-13,122.5],[6.545,8.92]],"c":true},"ix":2},"nm":"Path 1","mn":"ADBE Vector Shape - Group","hd":false},{"ty":"fl","c":{"a":0,"k":[1,1,1,1],"ix":4},"o":{"a":0,"k":100,"ix":5},"r":1,"bm":0,"nm":"Fill 1","mn":"ADBE Vector Graphic - Fill","hd":false},{"ty":"tr","p":{"a":0,"k":[0,0],"ix":2},"a":{"a":0,"k":[0,0],"ix":1},"s":{"a":0,"k":[100,100],"ix":3},"r":{"a":0,"k":0,"ix":6},"o":{"a":0,"k":100,"ix":7},"sk":{"a":0,"k":0,"ix":4},"sa":{"a":0,"k":0,"ix":5},"nm":"Transform"}],"nm":"Shape 1","np":3,"cix":2,"bm":0,"ix":1,"mn":"ADBE Vector Group","hd":false}],"ip":1,"op":55,"st":1,"bm":0}]}],"layers":[{"ddd":0,"ind":2,"ty":0,"nm":"Line_Sweeps 2","refId":"comp_0","sr":1,"ks":{"o":{"a":0,"k":100,"ix":11},"r":{"a":0,"k":0,"ix":10},"p":{"a":0,"k":[540,150,0],"ix":2},"a":{"a":0,"k":[540,150,0],"ix":1},"s":{"a":0,"k":[100,100,100],"ix":6}},"ao":0,"w":1080,"h":300,"ip":0,"op":100,"st":0,"bm":0}],"markers":[]}