{"v":"4.8.0","meta":{"g":"LottieFiles AE 3.0.2","a":"","k":"","d":"","tc":""},"fr":24,"ip":0,"op":25,"w":1000,"h":1000,"nm":"explosion-9","ddd":0,"assets":[{"id":"comp_0","layers":[{"ddd":0,"ind":1,"ty":4,"nm":"Customizer","sr":1,"ks":{"o":{"a":0,"k":100,"ix":11},"r":{"a":0,"k":0,"ix":10},"p":{"a":0,"k":[832,594,0],"ix":2},"a":{"a":0,"k":[0,0,0],"ix":1},"s":{"a":0,"k":[100,100,100],"ix":6}},"ao":0,"ef":[{"ty":5,"nm":"Color Control 1","np":3,"mn":"ADBE Color Control","ix":1,"en":1,"ef":[{"ty":2,"nm":"Color","mn":"ADBE Color Control-0001","ix":1,"v":{"a":0,"k":[1,1,1,1],"ix":1}}]},{"ty":5,"nm":"Color Control 2","np":3,"mn":"ADBE Color Control","ix":2,"en":1,"ef":[{"ty":2,"nm":"Color","mn":"ADBE Color Control-0001","ix":1,"v":{"a":0,"k":[0,0.658823549747,1,1],"ix":1}}]},{"ty":5,"nm":"Glow ","np":3,"mn":"ADBE Slider Control","ix":3,"en":1,"ef":[{"ty":0,"nm":"Slider","mn":"ADBE Slider Control-0001","ix":1,"v":{"a":0,"k":0,"ix":1}}]},{"ty":5,"nm":"Glow Intensity","np":3,"mn":"ADBE Slider Control","ix":4,"en":1,"ef":[{"ty":0,"nm":"Slider","mn":"ADBE Slider Control-0001","ix":1,"v":{"a":0,"k":0,"ix":1}}]},{"ty":5,"nm":"Blur","np":3,"mn":"ADBE Slider Control","ix":5,"en":1,"ef":[{"ty":0,"nm":"Slider","mn":"ADBE Slider Control-0001","ix":1,"v":{"a":0,"k":0,"ix":1}}]}],"shapes":[],"ip":0,"op":41,"st":0,"bm":0},{"ddd":0,"ind":2,"ty":3,"nm":"BG_Resizable","sr":1,"ks":{"o":{"a":0,"k":100,"ix":11},"r":{"a":0,"k":0,"ix":10},"p":{"a":0,"k":[960,960,0],"ix":2,"x":"var $bm_rt;\nvar W, H;\nW = $bm_div(thisComp.width, 2);\nH = $bm_div(thisComp.height, 2);\n$bm_rt = [\n    W,\n    H\n];"},"a":{"a":0,"k":[0,0,0],"ix":1},"s":{"a":0,"k":[100,100,100],"ix":6,"x":"var $bm_rt;\nvar w, h, aspect;\nw = thisComp.width;\nh = thisComp.height;\n$bm_rt = aspect = 1920 / 1080;\nif ($bm_div(w, h) >= aspect) {\n    $bm_rt = [\n        w,\n        w\n    ];\n} else {\n    $bm_rt = [\n        h * aspect,\n        h * aspect\n    ];\n}"}},"ao":0,"ip":0,"op":74.4,"st":0,"bm":0},{"ddd":0,"ind":3,"ty":0,"nm":"Electric 21 Glow","parent":2,"refId":"comp_1","sr":1,"ks":{"o":{"a":0,"k":100,"ix":11},"r":{"a":0,"k":0,"ix":10},"p":{"a":0,"k":[0,0,0],"ix":2},"a":{"a":0,"k":[170,960,0],"ix":1},"s":{"a":0,"k":[2.843,2.843,100],"ix":6}},"ao":0,"ef":[{"ty":20,"nm":"Color","np":6,"mn":"ADBE Tint","ix":1,"en":1,"ef":[{"ty":2,"nm":"Map Black To","mn":"ADBE Tint-0001","ix":1,"v":{"a":0,"k":[0.086274504662,0.688258290291,1,1],"ix":1,"x":"var $bm_rt;\n$bm_rt = thisComp.layer('Customizer').effect('Color Control 2')('ADBE Color Control-0001');"}},{"ty":2,"nm":"Map White To","mn":"ADBE Tint-0002","ix":2,"v":{"a":0,"k":[1,1,1,0],"ix":2,"x":"var $bm_rt;\n$bm_rt = thisComp.layer('Customizer').effect('Color Control 1')('ADBE Color Control-0001');"}},{"ty":0,"nm":"Amount to Tint","mn":"ADBE Tint-0003","ix":3,"v":{"a":0,"k":100,"ix":3}},{"ty":6,"nm":"","mn":"ADBE Tint-0004","ix":4,"v":0}]},{"ty":5,"nm":"Glow","np":3,"mn":"ADBE Slider Control","ix":2,"en":1,"ef":[{"ty":0,"nm":"Slider","mn":"ADBE Slider Control-0001","ix":1,"v":{"a":0,"k":103,"ix":1,"x":"var $bm_rt;\n$bm_rt = thisComp.layer('Customizer').effect('Glow ')('ADBE Slider Control-0001');"}}]},{"ty":5,"nm":"Intensity","np":3,"mn":"ADBE Slider Control","ix":3,"en":1,"ef":[{"ty":0,"nm":"Slider","mn":"ADBE Slider Control-0001","ix":1,"v":{"a":0,"k":168.4,"ix":1,"x":"var $bm_rt;\n$bm_rt = thisComp.layer('Customizer').effect('Glow Intensity')('ADBE Slider Control-0001');"}}]},{"ty":5,"nm":"Blur","np":3,"mn":"ADBE Slider Control","ix":4,"en":1,"ef":[{"ty":0,"nm":"Slider","mn":"ADBE Slider Control-0001","ix":1,"v":{"a":0,"k":0,"ix":1,"x":"var $bm_rt;\n$bm_rt = thisComp.layer('Customizer').effect('Blur')('ADBE Slider Control-0001');"}}]},{"ty":5,"nm":"Glow 2","np":16,"mn":"ADBE Glo2","ix":5,"en":1,"ef":[{"ty":7,"nm":"Glow Based On","mn":"ADBE Glo2-0001","ix":1,"v":{"a":0,"k":2,"ix":1}},{"ty":0,"nm":"Glow Threshold","mn":"ADBE Glo2-0002","ix":2,"v":{"a":0,"k":153,"ix":2}},{"ty":0,"nm":"Glow Radius","mn":"ADBE Glo2-0003","ix":3,"v":{"a":0,"k":99,"ix":3,"x":"var $bm_rt;\n$bm_rt = effect('Glow')('ADBE Slider Control-0001');"}},{"ty":0,"nm":"Glow Intensity","mn":"ADBE Glo2-0004","ix":4,"v":{"a":0,"k":1.44,"ix":4,"x":"var $bm_rt;\n$bm_rt = $bm_div(effect('Intensity')('ADBE Slider Control-0001'), 100);"}},{"ty":7,"nm":"Composite Original","mn":"ADBE Glo2-0005","ix":5,"v":{"a":0,"k":2,"ix":5}},{"ty":7,"nm":"Glow Operation","mn":"ADBE Glo2-0006","ix":6,"v":{"a":0,"k":3,"ix":6}},{"ty":7,"nm":"Glow Colors","mn":"ADBE Glo2-0007","ix":7,"v":{"a":0,"k":2,"ix":7}},{"ty":7,"nm":"Color Looping","mn":"ADBE Glo2-0008","ix":8,"v":{"a":0,"k":3,"ix":8}},{"ty":0,"nm":"Color Loops","mn":"ADBE Glo2-0009","ix":9,"v":{"a":0,"k":1,"ix":9}},{"ty":0,"nm":"Color Phase","mn":"ADBE Glo2-0010","ix":10,"v":{"a":0,"k":0,"ix":10}},{"ty":0,"nm":"A & B Midpoint","mn":"ADBE Glo2-0011","ix":11,"v":{"a":0,"k":0.5,"ix":11}},{"ty":2,"nm":"Color A","mn":"ADBE Glo2-0012","ix":12,"v":{"a":0,"k":[0,0.658823370934,1,1],"ix":12,"x":"var $bm_rt;\n$bm_rt = effect('Color')('ADBE Tint-0001');"}},{"ty":2,"nm":"Color B","mn":"ADBE Glo2-0013","ix":13,"v":{"a":0,"k":[0,0.658823549747,1,1],"ix":13,"x":"var $bm_rt;\n$bm_rt = effect('Color')('ADBE Tint-0001');"}},{"ty":7,"nm":"Glow Dimensions","mn":"ADBE Glo2-0014","ix":14,"v":{"a":0,"k":1,"ix":14}}]},{"ty":25,"nm":"Drop Shadow","np":8,"mn":"ADBE Drop Shadow","ix":6,"en":1,"ef":[{"ty":2,"nm":"Shadow Color","mn":"ADBE Drop Shadow-0001","ix":1,"v":{"a":0,"k":[0,0.658823549747,1,1],"ix":1,"x":"var $bm_rt;\n$bm_rt = effect('Color')('ADBE Tint-0001');"}},{"ty":0,"nm":"Opacity","mn":"ADBE Drop Shadow-0002","ix":2,"v":{"a":0,"k":229,"ix":2,"x":"var $bm_rt;\n$bm_rt = $bm_mul(effect('Glow')('ADBE Slider Control-0001'), 0.9);"}},{"ty":0,"nm":"Direction","mn":"ADBE Drop Shadow-0003","ix":3,"v":{"a":0,"k":135,"ix":3}},{"ty":0,"nm":"Distance","mn":"ADBE Drop Shadow-0004","ix":4,"v":{"a":0,"k":5,"ix":4}},{"ty":0,"nm":"Softness","mn":"ADBE Drop Shadow-0005","ix":5,"v":{"a":0,"k":468,"ix":5}},{"ty":7,"nm":"Shadow Only","mn":"ADBE Drop Shadow-0006","ix":6,"v":{"a":0,"k":0,"ix":6}}]},{"ty":5,"nm":"CC Cross Blur","np":6,"mn":"CS CrossBlur","ix":7,"en":1,"ef":[{"ty":0,"nm":"Radius X","mn":"CS CrossBlur-0001","ix":1,"v":{"a":0,"k":0,"ix":1}},{"ty":0,"nm":"Radius Y","mn":"CS CrossBlur-0002","ix":2,"v":{"a":0,"k":239,"ix":2,"x":"var $bm_rt;\n$bm_rt = effect('Blur')('ADBE Slider Control-0001');"}},{"ty":7,"nm":"Transfer Mode","mn":"CS CrossBlur-0003","ix":3,"v":{"a":0,"k":3,"ix":3}},{"ty":7,"nm":"Repeat Edge Pixels","mn":"CS CrossBlur-0004","ix":4,"v":{"a":0,"k":0,"ix":4}}]}],"w":340,"h":1920,"ip":0,"op":23,"st":0,"bm":0}]},{"id":"comp_1","layers":[{"ddd":0,"ind":1,"ty":1,"nm":"Auto-traced [20001-20022].png","cl":"png","sr":1,"ks":{"o":{"a":0,"k":100,"ix":11},"r":{"a":0,"k":0,"ix":10},"p":{"a":0,"k":[168,960,0],"ix":2},"a":{"a":0,"k":[169,1056.5,0],"ix":1},"s":{"a":0,"k":[88.354,88.354,100],"ix":6}},"ao":0,"hasMask":true,"masksProperties":[{"inv":false,"mode":"f","pt":{"a":1,"k":[{"t":0,"s":[{"i":[[-1.612,0],[-5.705,0.776],[-5.493,0.819],[-4.66,0.934],[-7.528,0.353],[-4.815,-1.023],[-7.058,-0.151],[1.929,1.117],[1.389,1.082],[2.267,0.983],[4.873,0.455],[6.455,-0.788],[6.957,-0.686],[6.381,-0.775],[8.973,-0.251],[7.421,1.109],[8.594,0.871],[4.913,-1.023],[7.675,0.043],[4.899,1.099],[7.322,0.459],[3.713,-1.942],[4.431,-1.796],[1.711,-0.579],[-1.566,-0.578],[-6.084,0.944],[-8.416,0.306],[-10.008,-0.156],[-19.586,-0.414],[-20.058,-1.216]],"o":[[5.537,-0.811],[5.705,-0.776],[6.071,-0.648],[4.66,-0.934],[8.338,0.164],[4.815,1.023],[1.043,-1.305],[-1.929,-1.117],[-2.984,-0.838],[-2.267,-0.983],[-9.135,0.245],[-6.455,0.788],[-7.413,0.566],[-6.381,0.775],[-10.08,-0.57],[-7.421,-1.109],[-7.331,0.361],[-4.913,1.022],[-7.739,-0.044],[-4.899,-1.099],[-7.314,1.213],[-3.713,1.942],[-0.362,0.696],[-1.711,0.579],[5.239,-0.678],[6.047,-0.938],[9.473,0.478],[16.048,0.251],[18.482,1.535],[1.612,0]],"v":[[203.118,2114.91],[220.076,2112.549],[236.968,2110.176],[251.995,2107.588],[269.206,2105.441],[287.495,2107.654],[303.863,2109.849],[301.657,2106.254],[295.803,2102.992],[288.757,2100.093],[278.878,2097.767],[256.289,2099.477],[236.968,2101.849],[217.183,2104.045],[195.058,2105.767],[169.764,2103.054],[146.7,2099.89],[129.63,2102.398],[112.044,2104.298],[94.403,2102.161],[77.388,2099.4],[61.927,2104.35],[50.791,2110.176],[46.524,2112.06],[45.149,2113.767],[60.463,2110.665],[82.224,2108.706],[99.149,2110.992],[153.148,2108.216],[198.282,2114.91]],"c":true}],"h":1},{"t":1,"s":[{"i":[[-2,0],[-7.079,4.755],[-6.816,5.017],[-5.782,5.718],[-9.339,2.16],[-5.974,-6.269],[-8.757,-0.926],[2.393,6.845],[1.724,6.63],[2.813,6.02],[6.047,2.787],[8.009,-4.825],[8.631,-4.202],[7.917,-4.749],[11.133,-1.534],[9.207,6.793],[10.663,5.337],[6.096,-6.263],[9.522,0.266],[6.078,6.73],[9.084,2.813],[4.607,-11.893],[5.498,-11.003],[2.123,-3.549],[-1.942,-3.542],[-7.549,5.785],[-10.442,1.872],[-12.418,-0.957],[-24.302,-2.533],[-24.887,-7.446]],"o":[[6.87,-4.963],[7.078,-4.755],[7.533,-3.967],[5.782,-5.718],[10.346,1],[5.974,6.269],[1.294,-7.989],[-2.393,-6.845],[-3.702,-5.131],[-2.813,-6.021],[-11.334,1.499],[-8.009,4.825],[-9.197,3.469],[-7.917,4.749],[-12.507,-3.493],[-9.208,-6.793],[-9.096,2.215],[-6.096,6.263],[-9.602,-0.269],[-6.079,-6.73],[-9.075,7.426],[-4.607,11.893],[-0.45,4.261],[-2.123,3.549],[6.501,-4.156],[7.502,-5.749],[11.753,2.927],[19.911,1.535],[22.931,9.402],[2,0]],"v":[[209,2113],[230.041,2098.541],[251,2084],[269.645,2068.145],[291,2055],[313.691,2068.556],[334,2082],[331.264,2059.981],[324,2040],[315.258,2022.242],[303,2008],[274.973,2018.473],[251,2033],[226.452,2046.452],[199,2057],[167.617,2040.383],[139,2021],[117.819,2036.361],[96,2048],[74.112,2034.908],[53,2018],[33.818,2048.317],[20,2084],[14.706,2095.54],[13,2106],[32,2087],[59,2075],[80,2089],[147,2072],[203,2113]],"c":true}],"h":1},{"t":2,"s":[{"i":[[9.144,-4.523],[7.77,6.897],[10.261,4.406],[8.067,-9.933],[11.438,-6.562],[6.575,3.091],[9.825,-0.158],[4.905,-4.928],[2.357,-7.476],[-3.945,1.23],[-5.086,-0.595],[-6.123,-5.482],[-8.28,-1.11],[-9.551,7.282],[-11.737,5.097],[-7.899,-9.065],[-9.386,0.55],[-3.775,3.918],[-2.689,3.082],[-3.291,3.358],[-5.222,1.425],[-12.035,-4.144],[-10.885,-4.609],[-4.171,-1.262],[-3.868,3.505],[7.12,6.214],[5.994,7.34],[7.725,5.775],[12.489,1.01],[6.967,-6.7]],"o":[[-9.659,-5.007],[-7.77,-6.897],[-15.293,2.707],[-8.067,9.933],[-6.874,-2.792],[-6.575,-3.091],[-6.023,3.811],[-4.905,4.928],[5.133,2.324],[3.945,-1.23],[8.228,0.963],[6.123,5.482],[11.06,-5.774],[9.551,-7.282],[8.017,2.291],[7.899,9.065],[4.213,-0.247],[3.775,-3.918],[3.615,-4.144],[3.291,-3.358],[12.974,2.816],[12.035,4.144],[3.447,1.459],[4.171,1.262],[-3.527,-9.806],[-7.12,-6.214],[-7.609,-5.891],[-7.725,-5.775],[-9.989,3.678],[-6.967,6.7]],"v":[[196,1973],[170.951,1954.049],[145,1936],[112.609,1957.609],[86,1985],[66.713,1975.287],[43,1970],[26.251,1982.751],[15,2001],[28.036,2001.297],[41,1999],[61.461,2010.89],[82,2023],[111.993,2002.493],[143,1983],[166.473,2004.131],[192,2021],[204.143,2013.626],[214,2002],[223.795,1990.46],[236,1983],[273.566,1993.655],[308,2007],[319.684,2012.223],[332,2010],[314.85,1987.15],[294,1968],[272.16,1949.34],[243,1938],[218.866,1954.866]],"c":true}],"h":1},{"t":3,"s":[{"i":[[-14.864,1.703],[4.738,4.478],[3.578,4.812],[6.586,7.048],[6.27,7.555],[6.239,7.58],[9.012,4.413],[6.903,-6.097],[11.164,-1.836],[10.03,8.803],[12.334,6.5],[6.189,-14.144],[5.835,-14.498],[8.703,2.63],[8.464,2.87],[2.139,-9.195],[2.037,-9.297],[-2.982,3.766],[-4.541,1.295],[-8.193,-3.87],[-8.006,-3.195],[-6.153,9.514],[-11.126,4.542],[-8.67,-6.164],[-14.51,-0.323],[-4.624,4.315],[-7.108,-0.277],[-3.267,-2.209],[-3.238,-2.059],[-20.656,-5.104]],"o":[[1.529,-8.274],[-4.738,-4.478],[-7.386,-6.251],[-6.586,-7.048],[-6.033,-7.269],[-6.239,-7.58],[-11.225,1.775],[-6.903,6.097],[-13.545,-5.289],[-10.03,-8.803],[-7.407,12.926],[-6.189,14.144],[-6.724,-4.61],[-8.703,-2.63],[-7.409,3.925],[-2.139,9.195],[2.531,-1.639],[2.982,-3.766],[12.222,-2.677],[8.193,3.87],[8.263,-7.404],[6.153,-9.514],[10.812,4.021],[8.67,6.164],[7.397,-1.015],[4.624,-4.315],[2.694,0.105],[3.267,2.209],[18.841,11.98],[10.42,6.032]],"v":[[332,1954],[325.331,1935.904],[311,1923],[290.163,1902.978],[271,1881],[253.235,1857.858],[231,1839],[205.954,1852.954],[181,1867],[147.091,1844.409],[115,1820],[94.821,1860.821],[77,1904],[53.305,1893.695],[27,1886],[13.971,1906.971],[9,1936],[16.992,1926.742],[28,1918],[57.662,1921.597],[81,1934],[100.853,1906.853],[125,1884],[152.227,1901.273],[185,1913],[201.716,1903.031],[218,1895],[227.092,1899.034],[237,1906],[298,1937]],"c":true}],"h":1},{"t":4,"s":[{"i":[[21.317,-11.017],[8.217,11.818],[7.704,11.409],[3.26,3.757],[5.459,0.267],[5.588,-12.745],[5.178,-13.155],[1.98,2.187],[4.742,-0.576],[6.132,-7.508],[3.822,-8.078],[0.819,-3.592],[-4.399,-2.258],[-4.19,3.725],[-9.085,-2.083],[-2.689,-3.144],[-5.313,-0.52],[-4.527,9.14],[-8.965,4.701],[-9.646,-11.187],[-13.394,-7.439],[-11.635,4.865],[-13.279,3.22],[-9.761,-9.739],[-8.451,-11.05],[-13.326,0.326],[3.981,13.891],[7.838,12.828],[8.317,12.559],[15.975,3.537]],"o":[[-11.427,-8.318],[-8.217,-11.818],[-2.502,-3.706],[-3.26,-3.757],[-10.468,7.865],[-5.588,12.745],[-3.337,-0.83],[-1.98,-2.187],[-5.652,5.889],[-6.131,7.508],[-1.123,2.374],[-0.819,3.592],[6.154,0.818],[4.19,-3.725],[4.93,0.903],[2.689,3.144],[7.928,-5.738],[4.527,-9.14],[12.02,8.813],[9.646,11.187],[15.181,-1.318],[11.635,-4.865],[11.506,7.994],[9.761,9.739],[7.994,5.006],[4.603,-15.882],[-7.544,-13.123],[-7.03,-13.064],[-7.752,-11.706],[-23.004,9.329]],"v":[[175,1788],[146.207,1756.819],[123,1721],[114.717,1708.921],[102,1702],[79.033,1734.033],[64,1774],[57.054,1768.446],[48,1765],[29.627,1785.359],[14,1809],[9.858,1818.587],[14,1828],[27.802,1821.051],[46,1816],[56.212,1823.288],[67,1830],[83.722,1805.722],[102,1783],[132.97,1814.53],[166,1844],[204.926,1833.427],[241,1820],[272.792,1846.708],[300,1878],[321,1896],[306,1854],[284,1814],[261,1775],[229,1745]],"c":true}],"h":1},{"t":5,"s":[{"i":[[22.627,13.706],[2.536,-0.131],[2.113,-0.553],[8.95,-13.383],[9.081,-13.253],[3.87,4.13],[6.703,1.297],[0.74,-2.927],[-0.113,-3.779],[4.33,-12.623],[-8.977,-9.354],[-2.821,2.179],[-3.312,1.688],[-6.96,3.817],[-6.09,6.042],[-8.081,8.522],[-6.748,1.023],[-8.285,-10.424],[-15.154,-4.739],[-18.908,0.092],[-10.878,-11.789],[-9.566,-13.101],[0.16,-5.493],[-4.885,-7.076],[-4.791,-0.548],[1.72,4.729],[5.274,20.567],[16.715,24.619],[2.116,1.217],[26.648,-4.194]],"o":[[-2.743,-0.076],[-2.536,0.131],[-12.118,10.216],[-8.951,13.383],[-4.819,-3.181],[-3.869,-4.13],[-2.152,1.514],[-0.74,2.927],[-4.659,8.156],[-4.33,12.623],[4.403,-0.597],[2.821,-2.179],[7.069,-2.691],[6.96,-3.817],[4.929,-4.89],[8.081,-8.522],[18.429,-2.792],[10.039,12.63],[16.366,-2.634],[16.471,6.196],[11.507,11.16],[1.583,3.75],[5.323,4.038],[2.861,4.143],[11.734,1.343],[-8.257,-22.701],[-11.575,-29.758],[-3.096,-0.237],[-32.657,-8.284],[-22.867,-13.466]],"v":[[134,1563],[126.028,1563.028],[119,1564],[88.222,1600.222],[62,1641],[49.913,1629.087],[35,1620],[30.802,1626.802],[30,1637],[13.273,1670.102],[17,1705],[27.318,1700.318],[36,1694],[57.234,1684.513],[77,1670],[97.636,1647.099],[121,1630],[159,1661],[190,1691],[228,1672],[262,1706],[291,1745],[295,1757],[309,1773],[320,1788],[325,1769],[300,1701],[263,1614],[257,1610],[179,1627]],"c":true}],"h":1},{"t":6,"s":[{"i":[[14.215,5.194],[0.167,0],[0.166,0],[0.63,-0.37],[0.74,-0.26],[7.58,-15.42],[7.599,-15.401],[2.66,-5.526],[-2.822,-6.331],[-4.577,4.074],[-3.929,3.929],[-4.119,4.257],[-5.392,2.84],[-16.615,-16.718],[-17.523,9.477],[-12.016,-12.984],[-24.676,14.324],[-22.245,-21.422],[-3.288,5.712],[-17.583,-0.083],[2.569,16.224],[10.28,0.234],[8.118,-1.818],[7.84,29.277],[9.189,5.766],[11.244,-14.936],[12.516,-13.984],[18.765,15.236],[13.536,-9.155],[6.353,13.203]],"o":[[-0.166,0],[-0.167,0],[-0.74,0.26],[-0.63,0.37],[-8.081,14.919],[-7.58,15.42],[-1.181,5.566],[-2.66,5.526],[6.764,-0.775],[4.577,-4.074],[4.132,-4.131],[4.119,-4.257],[15.34,17.993],[15.469,-11.531],[6.438,18.562],[18.997,-20.003],[25.889,17.777],[8.366,-0.634],[13.582,4.085],[4.796,-7.186],[-2.031,-12.828],[-8.092,-0.184],[-7.165,-31.185],[-2.646,-9.88],[-16.529,9.972],[-11.589,15.395],[-13.743,-20.258],[-17.092,8.926],[-1.965,-16.217],[-6.135,-12.749]],"v":[[70,1434],[69.5,1434],[69,1434],[67,1435],[65,1436],[41.639,1481.639],[19,1528],[11.498,1544.426],[10,1562],[26.627,1553.865],[39,1541],[51.055,1528.031],[65,1517],[108,1574],[152,1537],[180,1584],[241,1528],[290,1610],[304,1597],[329,1625],[326,1589],[315,1554],[300,1566],[275,1472],[263,1444],[227,1488],[191,1532],[150,1471],[111,1512],[96,1468]],"c":true}],"h":1},{"t":7,"s":[{"i":[[9.102,-2.898],[3.678,10.621],[3.956,10.288],[4.616,9.755],[8.627,5.815],[1.333,0],[18.771,-28.229],[16.49,2.177],[10.866,-11.467],[15.332,18.002],[7.019,9.53],[15.689,-0.731],[1.419,0.086],[2.436,-13.618],[2.592,-14.755],[-2.777,-40.836],[-11.2,13.8],[-10.979,14.021],[-13.883,-25.453],[-10.633,-2.221],[-11.352,20.648],[-17.275,1.548],[-6.902,11.855],[-9.732,6.682],[-10.271,-16.396],[-7.556,7.67],[-9.099,-1.901],[-4.94,9.132],[3.268,7.399],[6.267,0.067]],"o":[[-3.332,-10.229],[-3.678,-10.621],[-3.909,-10.164],[-4.616,-9.755],[-1.333,0],[-23.803,23.197],[-9.243,-9.423],[-11.341,10.992],[-14.67,-18.664],[-5.447,-10.355],[-6.535,-8.873],[-0.168,1.166],[-7.511,11.431],[-2.587,14.459],[-6.505,37.038],[20.804,-4.196],[9.802,-15.198],[18.423,21.873],[4.501,8.252],[15.178,-16.822],[12.119,6.843],[11.68,-1.047],[8.595,-14.762],[10.286,16.38],[13.457,0.8],[5.878,5.121],[4.161,-6.85],[-3.268,-7.399],[-1.601,-4.732],[-8.299,3.701]],"v":[[301,1377],[290.468,1345.545],[279,1314],[267.039,1283.238],[248,1259],[244,1259],[192,1348],[163,1321],[144,1369],[101,1312],[80,1283],[52,1261],[49,1262],[38,1302],[31,1346],[17,1460],[50,1418],[80,1373],[128,1447],[147,1469],[177,1403],[211,1427],[241,1395],[265,1357],[291,1411],[319,1396],[334,1414],[335,1390],[323,1370],[317,1357]],"c":true}],"h":1},{"t":8,"s":[{"i":[[0,2.667],[2.644,7.689],[5.666,4.668],[5.022,-3.978],[6.913,-2.087],[2.557,5.61],[1.88,6.287],[2.161,6.259],[6.198,0.889],[6.083,-7.917],[4.611,-7.128],[7.131,-23.536],[11.342,-0.342],[13.547,-4.12],[7.763,15.818],[16.797,6.263],[9.076,-18.258],[9.917,-0.25],[-3.375,-18.156],[-9.602,-0.359],[-8.545,-6.455],[-7.021,14.979],[-23.817,-16.183],[-12.862,7.805],[-8.786,-2.88],[-4.849,7.625],[-14.368,24.999],[-19.084,-6.916],[-16.533,1.8],[-12.184,8.471]],"o":[[-3.756,-6.577],[-2.644,-7.689],[-6.997,2.003],[-5.023,3.978],[-1.892,-6.274],[-2.557,-5.61],[-4.158,-4.075],[-2.161,-6.259],[-9.514,-1.365],[-7.847,10.214],[-11.497,19.17],[-8.765,-2.235],[-16.687,0.979],[-6.911,-15.595],[-7.428,-15.134],[-19.119,8.214],[-9.264,-0.403],[-11.494,9.83],[8.705,5.753],[4.573,10.427],[12.076,-9.923],[19.298,20.702],[17.826,-2.84],[4.218,7.449],[10.051,-2.554],[14.834,-23.328],[16.13,9.87],[17.071,-1.262],[12.118,-1.936],[0,-2.667]],"v":[[338,1191],[329.432,1168.568],[318,1149],[300.937,1158.937],[284,1169],[276.991,1151.509],[270,1134],[262.03,1116.61],[251,1104],[226,1125],[208,1153],[181,1218],[164,1202],[136,1227],[114,1179],[83,1140],[51,1190],[33,1179],[14,1227],[37,1221],[53,1250],[75,1206],[127,1274],[162,1247],[178,1266],[197,1245],[243,1172],[284,1209],[317,1187],[338,1199]],"c":true}],"h":1},{"t":9,"s":[{"i":[[0,1.333],[6.374,17.293],[0,5.333],[-0.279,8.946],[3.589,13.411],[10.742,5.924],[4.563,-7.437],[12.247,-23.086],[13.012,-33.988],[13.991,-24.575],[2.285,-6.382],[6.979,11.8],[14.548,3.289],[6.497,-12.826],[4.683,-14.593],[12.508,2.492],[7.073,-21.26],[-9.399,9.967],[-4.814,-0.702],[-6.617,6.617],[-10.652,1.473],[-5.336,-7.031],[-21.803,-17.026],[-6.752,11.914],[-9.995,-3.671],[-5.207,11.072],[-18.171,29.151],[-5.962,-5.372],[-9.306,-18.36],[-1.355,3.312]],"o":[[-4.926,-18.741],[0,-5.333],[-1.589,-7.077],[-5.942,-11.058],[-3.642,-13.025],[-11.219,0.781],[-11.035,24.298],[-17.06,29.94],[-10.81,-9.608],[-3.351,5.315],[-7.055,-10.917],[-6.609,-11.174],[-14.841,4.636],[-6.827,13.478],[-5.36,-9.64],[-9.657,18.677],[18.145,2.102],[6.901,0.819],[8.373,-3.812],[6.23,-6.23],[10.043,1.153],[16.183,21.323],[11.472,-7.195],[9.748,3.918],[6.32,-9.93],[14.68,-31.216],[3.942,7.391],[10.804,16.862],[4.416,-0.25],[0,-1.333]],"v":[[338,1068],[324,1011],[324,995],[320,973],[310,932],[298,894],[283,915],[245,983],[199,1078],[158,1067],[143,1078],[122,1043],[96,1013],[69,1047],[51,1090],[31,1065],[7,1126],[39,1098],[48,1108],[67,1088],[90,1072],[111,1090],[167,1149],[194,1120],[221,1134],[237,1102],[284,1007],[301,1024],[330,1078],[338,1072]],"c":true}],"h":1},{"t":10,"s":[{"i":[[3.118,18.673],[1.419,4.5],[1.459,5.351],[2.487,6.146],[5.76,-5.32],[10.047,-18.191],[7.947,-10.127],[1.572,0.404],[2.772,-0.699],[4.319,-6.847],[4.87,-6.296],[3.648,4.185],[6.087,1.746],[3.026,-6.141],[4.272,-4.894],[7.404,4.596],[7.178,4.822],[7.115,5.052],[11.983,0.183],[8.259,-10.391],[-4.369,-14.631],[-20.452,-1.014],[-7.809,-5.558],[-21.995,-10.855],[-9.16,8.84],[-11.61,0.423],[-9.236,5.311],[-5.614,-0.719],[-21.514,16.152],[-16.917,-0.454]],"o":[[-0.864,-4.649],[-1.419,-4.5],[-1.291,-4.735],[-2.487,-6.146],[-9.867,9.111],[-10.047,18.19],[-2.939,-0.082],[-1.572,-0.404],[-5.853,5.314],[-4.319,6.847],[-4.32,-3.513],[-3.648,-4.185],[-6.624,2.543],[-3.026,6.141],[-7.208,-4.792],[-7.404,-4.596],[-8.556,-3.61],[-7.115,-5.052],[-10.581,6.665],[-7.627,9.596],[18.977,-0.158],[6.842,0.339],[22.605,16.088],[8.763,-9.237],[7.286,7.061],[14.265,-0.52],[2.325,4.008],[23.16,-14.507],[16.464,4.232],[2.836,-18.006]],"v":[[318,850],[314.446,836.527],[310,822],[304.852,802.459],[293,798],[262.56,843.239],[235,890],[228.875,888.914],[223,889],[208.263,907.763],[195,928],[183.825,915.676],[170,906],[156.736,920.237],[147,938],[124.977,924.023],[103,910],[81.07,895.43],[54,886],[27,915],[10,950],[57,925],[82,939],[151,987],[176,958],[198,983],[231,936],[242,944],[292,881],[330,907]],"c":true}],"h":1},{"t":11,"s":[{"i":[[14.966,6.783],[1.308,-0.487],[0.238,-0.277],[14.703,-21.891],[14.971,-17.733],[3.713,6.62],[4.561,5.772],[-0.296,-11.629],[1.125,-10.208],[5.958,5.784],[6.25,7.051],[5.392,6.865],[5.881,4.279],[5.684,6.464],[5.359,0.489],[10.816,-5.341],[8.49,-9.844],[-1.36,-9.473],[-7.403,5.122],[-7.579,6.087],[-9.193,-1.193],[-18.184,-19.817],[-25.777,-12.223],[-8.177,13.823],[-1.893,1.774],[-23.413,19.254],[-21.501,-30.832],[2.162,7.55],[4.497,25.603],[3.198,19.916]],"o":[[-1.529,-0.225],[-1.308,0.487],[-15.218,17.705],[-14.703,21.891],[-5.587,-4.746],[-3.713,-6.62],[-5.058,6.275],[0.296,11.629],[-4.919,-4.813],[-5.958,-5.784],[-5.552,-6.262],[-5.392,-6.865],[-8.587,-6.247],[-3.292,-3.743],[-13.387,-1.221],[-6.097,12.236],[0.71,12.126],[13.176,3.914],[6.776,-6.891],[5.435,-2.565],[20.797,17.203],[19.279,18.721],[14.395,-7.604],[3.395,-0.271],[19.718,-22.949],[21.644,30.689],[9.463,-0.526],[0.585,-24.047],[-3.906,-22.237],[-2.226,-13.861]],"v":[[293,667],[288.532,667.624],[286,669],[241.315,730.479],[197,792],[183.731,774.269],[172,755],[166.551,783.551],[167,818],[150.498,802.178],[132,783],[115.747,762.512],[99,745],[75,731],[65,719],[41,749],[16,779],[5,804],[29,789],[49,768],[67,762],[120,823],[179,878],[199,832],[209,831],[267,761],[324,861],[330,843],[320,769],[307,705]],"c":true}],"h":1},{"t":12,"s":[{"i":[[15.771,-3.896],[9.36,14.64],[14.501,9.498],[0.833,0],[0.834,0],[7.293,-6.876],[6.386,-7.108],[5.671,-6.711],[6.295,-5.454],[2.992,2.134],[4.297,-0.318],[5.546,-9.426],[1.989,-4.789],[-4.755,2.139],[-4.776,1.263],[-2.71,-3.123],[-4.537,-1.296],[-11.532,8.468],[-14.948,5.385],[-11.468,-19.81],[-9.337,-1.209],[-8.354,8.354],[-8.538,-0.695],[-11.129,0.049],[-12.033,-0.672],[-24.025,7.093],[6.747,10.434],[15.026,-0.678],[9.04,-4.525],[15.568,1.098]],"o":[[-9.058,-14.942],[-9.36,-14.64],[-0.834,0],[-0.833,0],[-8.444,4.389],[-7.293,6.876],[-6.023,6.703],[-5.67,6.711],[-4.735,-0.782],[-2.992,-2.134],[-6.828,0.505],[-5.546,9.426],[6.204,1.82],[4.755,-2.139],[1.623,4.21],[2.71,3.123],[18.881,-1.119],[12.206,-8.128],[21.248,11.493],[3.813,6.587],[11.509,-4.374],[6.371,-6.371],[10.52,0.856],[11.216,-0.049],[19.48,4.048],[1.095,-8.173],[-8.355,-12.92],[-11.251,0.508],[-11.639,-5.028],[-17.038,2.629]],"v":[[201,676],[174.583,630.417],[140,593],[137.5,593],[135,593],[111.457,610.461],[91,632],[73.705,652.437],[56,671],[45.171,665.675],[35,662],[15.87,680.287],[4,705],[20.071,703.312],[34,697],[40.315,708.185],[51,715],[87,691],[121,664],[168,717],[184,735],[208,716],[233,697],[255,716],[282,699],[333,722],[320,691],[285,659],[264,674],[236,652]],"c":true}],"h":1},{"t":13,"s":[{"i":[[8.767,12.9],[3.164,8.584],[8.033,0.211],[5.315,-7.116],[3.79,-4.692],[13.069,-14.99],[10.41,-11.034],[5.801,3.366],[8.093,1.073],[1.043,-7.291],[1.962,-6.371],[0.441,-4.202],[-3.744,-0.961],[-11.224,5.113],[-5.43,-0.237],[-6.667,0],[-14.951,12.816],[-13.811,7.929],[-21.231,-13.103],[-13.538,1.128],[-23.252,-9.415],[-7.905,10.428],[-14.814,0.481],[4.548,11.48],[9.743,-0.7],[4.392,-10.852],[2.033,-6.793],[-2.512,6.439],[13.903,17.097],[12.284,-6.049]],"o":[[-5.309,-4.454],[-3.165,-8.584],[-5.948,-0.156],[-5.316,7.116],[-11.314,14.005],[-13.069,14.99],[-5.703,-3.464],[-5.801,-3.366],[-1.868,6.466],[-1.043,7.291],[1.019,4.233],[-0.441,4.202],[11.25,-1.755],[5.528,0.139],[6.667,0],[18.641,-7.55],[12.054,-10.333],[17.501,16.832],[14.087,-0.579],[19.046,13.621],[13.169,-5.165],[8.645,5.688],[6.495,-10.138],[-3.134,-7.911],[-10.813,0.777],[-3.03,7.487],[-0.896,-5.873],[-14.383,-16.617],[-15.379,2.954],[-11.35,-10.316]],"v":[[189,521],[178.043,498.318],[163,482],[145.882,494.864],[132,515],[94.322,559.728],[58,600],[41.293,589.207],[21,582],[17.07,603.071],[13,624],[12.456,637.454],[16,646],[39,618],[51,623],[71,623],[116,588],[153,560],[202,614],[231,599],[282,646],[308,617],[331,637],[328,600],[309,572],[292,604],[281,623],[278,607],[253,539],[217,558]],"c":true}],"h":1},{"t":14,"s":[{"i":[[16.751,12.916],[2.15,-0.183],[1.912,-0.421],[4.166,-4.668],[4.058,-4.775],[3.895,-5.105],[6.587,-2.413],[7.9,6.767],[14.873,-0.207],[5.989,-9.511],[7.9,-7.6],[6.899,5.19],[8.758,-1.082],[2.995,-2.587],[2.623,-2.231],[2.849,-2.343],[0.54,-4.024],[-6.046,0.213],[-4.294,-1.539],[-3.967,-8.091],[-8.463,-0.165],[-4.892,5.782],[-3.242,3.975],[-12.002,4.818],[-24.297,3.057],[-31.367,-0.93],[-16.583,-12.845],[-8.416,3.187],[5.879,7.684],[7.309,7.057]],"o":[[-2.487,-0.153],[-2.15,0.183],[-5.278,3.555],[-4.166,4.667],[-4.833,4.167],[-3.895,5.105],[-10.526,-4.14],[-7.9,-6.767],[-10.142,5.358],[-5.989,9.511],[-8.648,-1.322],[-6.899,-5.19],[-3.398,0.42],[-2.995,2.587],[-3.063,2.605],[-2.849,2.343],[3.521,2.312],[6.046,-0.213],[8.669,1.469],[3.967,8.092],[5.189,0.101],[4.892,-5.782],[9.246,-11.338],[29.224,-2.929],[24.695,-3.107],[18.794,11.262],[5.217,4.041],[3.283,-12.751],[-6.39,-8.351],[-12.767,-16.9]],"v":[[255,389],[248.069,389.07],[242,390],[228.085,402.585],[216,417],[203.815,431.815],[189,444],[163.76,425.24],[132,413],[109.319,436.819],[90,464],[67.583,451.697],[45,443],[35.419,448.142],[27,456],[17.607,462.936],[12,472],[27.42,474.08],[44,475],[60.654,492.978],[77,509],[92.46,498.557],[105,482],[132,454],[193,476],[257,442],[308,482],[328,491],[314,463],[295,438]],"c":true}],"h":1},{"t":15,"s":[{"i":[[-19.298,1.594],[4.957,9.779],[4.491,9.365],[5.329,9.338],[8.303,6.363],[2.821,0],[2.358,-0.669],[14.023,-13.81],[14.176,-13.658],[6.487,2.679],[9.234,-0.068],[3.694,-4.332],[4.184,-4.815],[4.44,-4.536],[5.682,-0.758],[6.861,3.269],[6.007,2.799],[5.831,3.21],[5.851,2.981],[-10.561,-9.022],[-10.626,-8.855],[-5.019,-3.577],[-7.172,1.267],[-5.818,7.682],[-8.484,5.015],[-2.47,-3.53],[-5.277,-0.723],[-15.555,12.445],[-19.622,-1.568],[-13.54,-6.915]],"o":[[-1.68,-10.518],[-4.957,-9.779],[-5.383,-9.284],[-5.328,-9.338],[-2.358,-0.669],[-2.821,0],[-16.731,11.101],[-14.023,13.81],[-5.815,-3.351],[-6.488,-2.679],[-4.042,3.856],[-3.694,4.332],[-3.559,4.096],[-4.44,4.536],[-6.549,0.874],[-6.861,-3.269],[-6.825,-3.179],[-5.831,-3.21],[9.128,9.057],[10.562,9.022],[4.751,3.959],[5.019,3.577],[9.243,-4.257],[5.818,-7.682],[4.844,1.155],[2.47,3.53],[19.418,-8.582],[15.907,-5.476],[16.312,1.304],[14.203,6.825]],"v":[[332,344],[321.109,313.635],[306,285],[290.69,256.31],[271,232],[263,230.996],[255,232],[209.583,270.083],[168,312],[150.064,302.435],[127,298],[115.606,310.28],[104,324],[92.092,338.004],[77,347],[56.593,342.254],[37,332],[18.27,322.351],[1,313],[30.877,340.151],[63,367],[77.185,379.42],[95,384],[116.069,364.569],[136,344],[145.676,352.324],[156,360],[204,324],[255,290],[292,319]],"c":true}],"h":1},{"t":16,"s":[{"i":[[-0.039,0.539],[0.653,0.373],[0.591,0.13],[0.527,-0.083],[0.46,-0.267],[0.39,-0.421],[0.317,-0.546],[0.242,-0.641],[0.164,-0.706],[0.083,-0.742],[0,-0.749],[-0.087,-0.725],[-0.176,-0.672],[-0.267,-0.59],[-0.362,-0.478],[-0.459,-0.336],[-0.446,0.131],[-0.383,0.195],[-0.325,0.253],[-0.272,0.306],[-0.224,0.354],[-0.182,0.396],[-0.145,0.433],[-0.113,0.465],[-0.086,0.491],[-0.065,0.512],[-0.049,0.528],[-0.039,0.539],[-0.034,0.544],[-0.034,0.544]],"o":[[-0.712,-0.646],[-0.653,-0.373],[-0.591,-0.13],[-0.527,0.083],[-0.46,0.267],[-0.39,0.421],[-0.317,0.546],[-0.242,0.641],[-0.164,0.706],[-0.083,0.742],[0,0.749],[0.087,0.725],[0.176,0.672],[0.267,0.59],[0.362,0.478],[0.515,-0.063],[0.446,-0.131],[0.383,-0.195],[0.325,-0.253],[0.272,-0.306],[0.224,-0.354],[0.182,-0.396],[0.145,-0.433],[0.113,-0.465],[0.086,-0.491],[0.065,-0.512],[0.049,-0.528],[0.039,-0.539],[0.034,-0.544],[0.034,-0.544]],"v":[[289,710],[286.952,708.479],[285.084,707.732],[283.405,707.67],[281.924,708.203],[280.648,709.243],[279.586,710.701],[278.746,712.489],[278.136,714.518],[277.765,716.698],[277.64,718.942],[277.769,721.16],[278.162,723.263],[278.826,725.164],[279.769,726.772],[281,728],[282.441,727.708],[283.684,727.217],[284.744,726.544],[285.637,725.703],[286.379,724.712],[286.986,723.586],[287.474,722.341],[287.859,720.993],[288.157,719.557],[288.383,718.05],[288.554,716.487],[288.685,714.885],[288.792,713.259],[288.892,711.626]],"c":true}],"h":1},{"t":17,"s":[{"i":[[0.847,3.056],[1.071,0.49],[1.039,0.233],[0.968,-0.033],[0.857,-0.308],[0.705,-0.593],[0.514,-0.887],[0.283,-1.191],[0.011,-1.505],[-0.546,-1.121],[-0.533,-1.134],[-0.512,-1.155],[-0.482,-1.185],[-0.443,-1.224],[-0.395,-1.271],[-0.339,-1.328],[-0.274,-1.393],[-1.046,-0.87],[-0.867,-1.05],[-0.753,-1.164],[-0.703,-1.214],[-0.717,-1.199],[-0.797,-1.12],[-0.941,-0.976],[-1.149,-0.767],[-0.394,3.658],[0.755,3.574],[1.453,3.472],[1.702,3.351],[1.5,3.213]],"o":[[-1.062,-0.736],[-1.071,-0.49],[-1.039,-0.233],[-0.968,0.033],[-0.857,0.308],[-0.705,0.593],[-0.514,0.887],[-0.283,1.191],[0.549,1.117],[0.546,1.121],[0.533,1.134],[0.512,1.155],[0.482,1.185],[0.443,1.224],[0.395,1.271],[0.339,1.328],[1.29,0.626],[1.046,0.87],[0.867,1.05],[0.753,1.164],[0.703,1.214],[0.717,1.199],[0.797,1.12],[0.941,0.976],[1.994,-3.724],[0.394,-3.658],[-0.755,-3.574],[-1.453,-3.472],[-1.702,-3.351],[-1.5,-3.213]],"v":[[318,115],[314.791,113.159],[311.616,112.072],[308.595,111.769],[305.848,112.277],[303.494,113.626],[301.655,115.844],[300.45,118.959],[300,123],[301.645,126.355],[303.265,129.735],[304.834,133.166],[306.327,136.673],[307.716,140.285],[308.975,144.025],[310.079,147.922],[311,152],[314.489,154.261],[317.343,157.157],[319.756,160.494],[321.923,164.077],[324.037,167.714],[326.292,171.209],[328.881,174.369],[332,177],[335.47,165.924],[334.817,155.072],[331.392,144.499],[326.547,134.26],[321.633,124.408]],"c":true}],"h":1},{"t":18,"s":[{"i":[[-0.972,0.014],[-0.228,0.777],[-0.063,0.842],[0.087,0.885],[0.225,0.905],[0.35,0.902],[0.461,0.876],[0.56,0.828],[0.645,0.757],[0.717,0.664],[0.776,0.547],[0.822,0.409],[0.854,0.247],[0.874,0.063],[0.88,-0.144],[0.102,-0.816],[-0.169,-0.72],[-0.366,-0.649],[-0.489,-0.602],[-0.538,-0.579],[-0.513,-0.581],[-0.414,-0.607],[-0.241,-0.657],[-0.323,-0.635],[-0.325,-0.634],[-0.357,-0.602],[-0.419,-0.54],[-0.511,-0.447],[-0.635,-0.324],[-0.788,-0.17]],"o":[[0.405,-0.689],[0.228,-0.777],[0.063,-0.842],[-0.087,-0.885],[-0.225,-0.905],[-0.35,-0.902],[-0.461,-0.876],[-0.56,-0.828],[-0.645,-0.757],[-0.717,-0.664],[-0.776,-0.547],[-0.822,-0.409],[-0.854,-0.247],[-0.874,-0.063],[-0.447,0.936],[-0.102,0.816],[0.169,0.72],[0.366,0.649],[0.489,0.602],[0.538,0.579],[0.513,0.581],[0.414,0.607],[0.353,0.606],[0.323,0.635],[0.325,0.634],[0.357,0.602],[0.419,0.54],[0.511,0.447],[0.635,0.324],[0.788,0.17]],"v":[[246,84],[246.945,81.796],[247.378,79.361],[247.339,76.765],[246.867,74.076],[246.001,71.36],[244.781,68.687],[243.246,66.125],[241.435,63.741],[239.389,61.604],[237.146,59.781],[234.747,58.342],[232.229,57.353],[229.634,56.883],[227,57],[226.196,59.623],[226.315,61.921],[227.137,63.968],[228.438,65.837],[229.997,67.602],[231.592,69.335],[233,71.11],[234,73],[235.007,74.869],[235.971,76.779],[236.985,78.64],[238.141,80.359],[239.528,81.847],[241.24,83.01],[243.367,83.758]],"c":true}],"h":1},{"t":19,"s":[{"i":[[-0.453,6.486],[2.152,-0.51],[1.89,-0.959],[1.733,-1.249],[1.68,-1.38],[1.732,-1.354],[1.887,-1.169],[2.147,-0.826],[2.511,-0.325],[0.731,0.462],[0.584,0.533],[0.497,0.566],[0.468,0.561],[0.498,0.517],[0.587,0.435],[0.735,0.314],[0.942,0.156],[1.972,-0.449],[1.709,-1.082],[1.378,-1.54],[0.981,-1.823],[0.517,-1.931],[-0.014,-1.865],[-1.291,0.876],[-0.888,1.278],[-1.153,1.013],[-2.086,0.081],[-7.47,-0.637],[-6.988,2.775],[-4.649,5.149]],"o":[[-2.517,-0.096],[-2.152,0.51],[-1.89,0.959],[-1.733,1.249],[-1.68,1.38],[-1.732,1.354],[-1.887,1.169],[-2.147,0.826],[-0.937,-0.352],[-0.731,-0.462],[-0.584,-0.533],[-0.497,-0.566],[-0.468,-0.561],[-0.498,-0.517],[-0.587,-0.435],[-0.735,-0.314],[-2.169,-0.358],[-1.972,0.449],[-1.709,1.082],[-1.378,1.54],[-0.981,1.823],[-0.517,1.931],[2.361,0.194],[1.291,-0.876],[0.888,-1.278],[1.153,-1.013],[6.095,5.086],[7.47,0.637],[6.988,-2.775],[4.649,-5.149]],"v":[[187,15],[180.023,15.661],[173.987,17.903],[168.578,21.253],[163.483,25.236],[158.391,29.377],[152.988,33.201],[146.962,36.234],[140,38],[137.512,36.769],[135.553,35.267],[133.947,33.609],[132.515,31.91],[131.082,30.284],[129.469,28.848],[127.501,27.714],[125,27],[118.772,27.18],[113.234,29.521],[108.587,33.498],[105.032,38.586],[102.77,44.262],[102,50],[107.311,48.811],[110.413,45.412],[113.308,41.808],[118,40],[138.812,48.324],[160.963,44.857],[178.883,32.712]],"c":true}],"h":1},{"t":20,"s":[{"i":[[0.243,1.521],[0.95,-0.175],[0.787,-0.338],[0.682,-0.443],[0.635,-0.49],[0.648,-0.477],[0.718,-0.407],[0.848,-0.277],[1.036,-0.089],[1.163,0.112],[1.144,0.195],[1.128,0.229],[1.116,0.214],[1.107,0.15],[1.102,0.037],[1.1,-0.126],[1.101,-0.337],[-0.668,-0.998],[-0.995,-0.672],[-1.243,-0.423],[-1.415,-0.252],[-1.509,-0.158],[-1.525,-0.141],[-1.465,-0.202],[-1.326,-0.34],[-1.378,0.634],[-1.34,0.752],[-1.159,0.9],[-0.835,1.077],[-0.368,1.284]],"o":[[-1.173,-0.048],[-0.95,0.175],[-0.787,0.338],[-0.682,0.443],[-0.635,0.49],[-0.648,0.477],[-0.718,0.407],[-0.848,0.277],[-1.185,0.02],[-1.163,-0.112],[-1.144,-0.195],[-1.128,-0.229],[-1.116,-0.214],[-1.107,-0.15],[-1.102,-0.037],[-1.1,0.126],[0.265,1.402],[0.668,0.998],[0.995,0.672],[1.243,0.423],[1.415,0.252],[1.509,0.158],[1.525,0.141],[1.465,0.202],[1.273,-0.545],[1.378,-0.634],[1.34,-0.752],[1.159,-0.9],[0.835,-1.077],[0.368,-1.284]],"v":[[172,13],[168.83,13.205],[166.239,13.989],[164.051,15.176],[162.089,16.589],[160.18,18.055],[158.145,19.395],[155.811,20.436],[153,21],[149.479,20.849],[146.02,20.375],[142.613,19.726],[139.247,19.048],[135.913,18.49],[132.601,18.197],[129.3,18.318],[126,19],[127.419,22.581],[129.933,25.067],[133.309,26.691],[137.315,27.684],[141.72,28.28],[146.29,28.71],[150.794,29.206],[155,30],[159.013,28.238],[163.126,26.166],[166.911,23.695],[169.938,20.736],[171.777,17.2]],"c":true}],"h":1},{"t":21,"s":[{"i":[[0.393,-0.06],[0.122,-0.707],[0.295,-0.561],[0.444,-0.431],[0.568,-0.318],[0.668,-0.222],[0.744,-0.142],[0.795,-0.079],[0.822,-0.032],[0.824,-0.002],[0.801,0.011],[0.755,0.008],[0.683,-0.012],[0.588,-0.048],[0.467,-0.101],[-1.167,-0.938],[-1.76,-0.597],[-2.061,-0.22],[-2.07,0.194],[-1.787,0.645],[-1.213,1.132],[-0.346,1.656],[0.812,2.216],[0.227,0.106],[0.207,0.126],[0.202,0.131],[0.211,0.122],[0.235,0.098],[0.273,0.06],[0.326,0.007]],"o":[[0.076,0.87],[-0.122,0.707],[-0.295,0.561],[-0.444,0.431],[-0.568,0.318],[-0.668,0.222],[-0.744,0.142],[-0.795,0.079],[-0.822,0.032],[-0.824,0.002],[-0.801,-0.011],[-0.755,-0.008],[-0.683,0.012],[-0.588,0.048],[0.282,1.242],[1.167,0.938],[1.76,0.597],[2.061,0.22],[2.07,-0.194],[1.787,-0.645],[1.213,-1.132],[0.346,-1.656],[-0.261,-0.072],[-0.227,-0.106],[-0.207,-0.126],[-0.202,-0.131],[-0.211,-0.122],[-0.235,-0.098],[-0.273,-0.06],[-0.326,-0.007]],"v":[[157,2],[156.925,4.362],[156.294,6.26],[155.179,7.744],[153.654,8.864],[151.792,9.669],[149.668,10.211],[147.353,10.537],[144.922,10.699],[142.448,10.746],[140.004,10.728],[137.664,10.694],[135.501,10.695],[133.588,10.78],[132,11],[134.247,14.28],[138.71,16.593],[144.514,17.828],[150.782,17.876],[156.64,16.627],[161.213,13.972],[163.625,9.799],[163,4],[162.271,3.729],[161.623,3.377],[161.012,2.988],[160.396,2.604],[159.73,2.27],[158.971,2.029],[158.075,1.925]],"c":true}],"h":1},{"t":22,"s":[{"i":[[0.278,0],[-0.129,-0.834],[-0.73,-0.603],[-1.086,-0.347],[-1.196,-0.067],[-1.061,0.239],[-0.68,0.57],[-0.054,0.926],[0.817,1.306],[0.125,0],[0.125,0],[0.125,0],[0.125,0],[0.125,0],[0.125,0],[0.125,0],[0.125,0],[0.117,-0.153],[0.241,-0.102],[0.316,-0.051],[0.341,0],[0.316,0.051],[0.241,0.102],[0.117,0.153],[-0.056,0.204],[0.278,0],[0.278,0],[0.278,0],[0.278,0],[0.278,0]],"o":[[-0.717,1.04],[0.129,0.834],[0.73,0.603],[1.086,0.347],[1.196,0.067],[1.061,-0.239],[0.68,-0.57],[0.054,-0.926],[-0.125,0],[-0.125,0],[-0.125,0],[-0.125,0],[-0.125,0],[-0.125,0],[-0.125,0],[-0.125,0],[0.056,0.204],[-0.117,0.153],[-0.241,0.102],[-0.316,0.051],[-0.341,0],[-0.316,-0.051],[-0.241,-0.102],[-0.117,-0.153],[-0.278,0],[-0.278,0],[-0.278,0],[-0.278,0],[-0.278,0],[-0.278,0]],"v":[[141,0],[140.18,2.817],[141.531,4.978],[144.316,6.41],[147.8,7.038],[151.246,6.785],[153.919,5.578],[155.082,3.341],[154,0],[153.625,0],[153.25,0],[152.875,0],[152.5,0],[152.125,0],[151.75,0],[151.375,0],[151,0],[150.896,0.536],[150.346,0.919],[149.497,1.148],[148.5,1.225],[147.503,1.148],[146.654,0.919],[146.104,0.536],[146,0],[145.167,0],[144.333,0],[143.5,0],[142.667,0],[141.833,0]],"c":true}],"h":1}],"ix":1},"o":{"a":0,"k":100,"ix":3},"x":{"a":0,"k":0,"ix":4},"nm":"Mask 1"},{"inv":false,"mode":"f","pt":{"a":1,"k":[{"t":5,"s":[{"i":[[-6,0.333],[0.045,6.13],[1.29,6.181],[1.642,4.722],[2.15,-0.183],[2.486,0.153],[-1.3,-5.515],[0.512,-6.165],[-1.942,-3.725]],"o":[[2.091,-4.567],[-0.045,-6.13],[-1.29,-6.181],[-1.913,0.421],[-2.15,0.183],[-3.685,4.775],[1.3,5.515],[2.232,3.434],[1.942,3.725]],"v":[[314,1861],[316.846,1844.577],[314.621,1825.732],[310,1809],[303.93,1809.93],[297,1810],[295.12,1825.458],[298,1843],[303.174,1854.825]],"c":true}],"h":1},{"t":6,"s":[{"i":[[3.29,7.222],[0.888,-0.049],[0.775,-0.432],[0.874,-0.418],[1.188,-0.005],[1.343,-5.541],[-0.544,-4.983],[-4.474,-2.932],[-1.717,9.11]],"o":[[-1.214,-0.734],[-0.888,0.049],[-0.775,0.432],[-0.874,0.418],[-1.187,4.605],[-1.343,5.541],[0.544,4.983],[6.422,-2.34],[1.717,-9.11]],"v":[[310,1745],[306.9,1744.072],[304.46,1744.893],[302.04,1746.267],[299,1747],[294.694,1762.593],[292.984,1778.753],[300,1791],[312.284,1771.662]],"c":true}],"h":1},{"t":7,"s":[{"i":[[3.129,0.205],[0.325,-5.121],[-0.094,-4.831],[-0.975,-3.303],[-2.302,0.112],[-1.95,0.434],[0.133,5.974],[0.419,5.251],[1.726,1.608]],"o":[[-0.281,4.175],[-0.325,5.121],[0.094,4.831],[1.844,0.882],[2.302,-0.112],[0.952,-5.853],[-0.133,-5.974],[-2.968,-0.365],[-1.726,-1.608]],"v":[[293,1682],[291.975,1696.254],[291.512,1711.49],[293,1724],[299.42,1724.987],[306,1724],[307.028,1706.049],[306,1689],[299.621,1685.379]],"c":true}],"h":1},{"t":8,"s":[{"i":[[4.374,-0.159],[1.291,-4.931],[-0.274,-6.295],[-1.564,-5.887],[-2.578,-3.707],[-3.318,0.244],[-1.267,6.392],[1.274,8.332],[3.154,6.149]],"o":[[-3.132,1.796],[-1.291,4.931],[0.274,6.295],[1.564,5.887],[2.578,3.707],[4.469,-0.329],[1.267,-6.392],[-1.274,-8.332],[-3.154,-6.149]],"v":[[103,1372],[96.435,1382.533],[94.978,1399.815],[97.804,1418.529],[104.087,1433.363],[113,1439],[121.44,1427.887],[121.264,1404.769],[114.457,1382.016]],"c":true}],"h":1},{"t":9,"s":[{"i":[[-8.718,-3.222],[-2.166,4.001],[-0.773,5.394],[-0.095,6.071],[-0.134,6.033],[1.435,1.808],[1.996,0.567],[2.362,-1.87],[1.229,-14.339]],"o":[[4.275,-1.891],[2.166,-4.001],[0.773,-5.394],[0.095,-6.071],[-0.677,-1.854],[-1.435,-1.808],[-1.996,-0.567],[-3.801,6.421],[-1.229,14.339]],"v":[[100,1423],[109.483,1413.983],[113.712,1399.712],[114.835,1382.335],[115,1364],[111.783,1358.207],[106.587,1354.345],[100,1356],[90.611,1391.899]],"c":true}],"h":1},{"t":10,"s":[{"i":[[2.031,-7.312],[-0.733,-6.074],[-1.302,-6.763],[-2.146,-5.83],[-5.436,0.407],[-1.681,7.72],[0.01,5.726],[1.898,6.954],[4.393,3.305]],"o":[[-0.233,6.939],[0.733,6.074],[0.98,5.088],[2.146,5.83],[5.286,-0.396],[1.681,-7.72],[-0.016,-8.88],[-1.898,-6.953],[-10.29,-4.277]],"v":[[286,969],[286.848,988.132],[290,1007],[294.158,1025.121],[305,1035],[314.973,1020.497],[317,998],[314.282,973.819],[305,958]],"c":true}],"h":1},{"t":11,"s":[{"i":[[5.374,-0.708],[0.5,-0.5],[0.28,-0.72],[-0.52,-14.901],[-12.334,-1.905],[0.206,11.54],[-1.514,9.819],[1.237,2.597],[2.038,1.795]],"o":[[-0.72,0.28],[-0.5,0.5],[-0.414,11.492],[0.52,14.901],[8.312,-3.022],[-0.206,-11.54],[-1.015,-2.817],[-1.237,-2.597],[-3.457,-1.209]],"v":[[288,933],[286.17,934.17],[285,936],[282.439,979.69],[299,1009],[308.598,984.598],[308,950],[304.767,941.733],[300,935]],"c":true}],"h":1},{"t":12,"s":[{"i":[[-4.687,-0.821],[-2.149,4.425],[-0.387,6.152],[1.168,5.986],[2.515,3.926],[3.654,-0.027],[2.241,-5.845],[-0.613,-7.909],[-2.922,-6.234]],"o":[[4.12,-0.804],[2.149,-4.425],[0.387,-6.152],[-1.168,-5.986],[-2.515,-3.926],[-5.638,0.042],[-2.241,5.845],[0.613,7.909],[2.922,6.234]],"v":[[294,793],[303.351,784.682],[307.104,768.343],[305.88,749.663],[300.305,734.322],[291,728],[279.318,737.766],[277.012,759.332],[282.45,781.483]],"c":true}],"h":1},{"t":13,"s":[{"i":[[2.756,6.38],[2.22,-1.251],[0.867,-3.372],[0.464,-3.809],[1.009,-2.565],[-1.24,-3.76],[-2.319,-2.681],[-5.614,0.614],[0.961,9.441]],"o":[[-4.521,-2.552],[-2.22,1.251],[-0.867,3.372],[-0.464,3.809],[2.376,2.624],[1.24,3.76],[2.319,2.681],[3.602,-6.856],[-0.961,-9.441]],"v":[[292,716],[282.125,714.47],[277.732,721.826],[275.972,733.018],[274,743],[278.87,753.13],[283.654,763.346],[295,767],[298.269,741.143]],"c":true}],"h":1},{"t":14,"s":[{"i":[[-2.584,-3.608],[-1.974,0.892],[-1.117,1.75],[-0.574,2.293],[-0.345,2.522],[-0.43,2.436],[2.955,-0.367],[2.033,-3.605],[0.187,-4.686]],"o":[[3.146,0.28],[1.974,-0.892],[1.117,-1.75],[0.574,-2.293],[0.345,-2.522],[-2.952,-5.03],[-2.955,0.367],[-2.033,3.605],[-0.187,4.686]],"v":[[280,745],[287.603,744.003],[292.161,739.961],[294.618,733.818],[295.916,726.516],[297,719],[287.909,712.545],[280.196,719.043],[276.635,732.02]],"c":true}],"h":1},{"t":15,"s":[{"i":[[0.441,3.804],[1.939,-1.62],[0.531,-3.418],[-0.423,-3.59],[-0.925,-2.133],[-0.803,-0.197],[-0.919,-0.081],[-1.146,0.146],[-0.26,5.405]],"o":[[-3.8,-1.807],[-1.939,1.62],[-0.531,3.418],[0.423,3.59],[0.798,0.202],[0.803,0.197],[0.919,0.081],[1.4,-3.575],[0.26,-5.405]],"v":[[290,709],[281.505,709.126],[277.913,717.09],[277.864,728.009],[280,737],[282.375,737.625],[284.93,738.07],[288,738],[290.381,723.672]],"c":true}],"h":1},{"t":16,"s":[{"i":[[0.679,2.115],[1.451,-0.334],[0.668,-1.46],[0.16,-2.099],[-0.072,-2.252],[-0.029,-1.918],[-1.68,0.956],[-0.713,2.315],[0.074,2.702]],"o":[[-2.509,-1.278],[-1.451,0.334],[-0.668,1.46],[-0.16,2.099],[0.072,2.252],[2.828,1.376],[1.68,-0.956],[0.713,-2.315],[-0.074,-2.702]],"v":[[61,717],[55.129,715.706],[52.019,718.517],[50.845,723.976],[50.781,730.624],[51,737],[57.718,737.387],[61.261,732.236],[62.174,724.468]],"c":true}],"h":1},{"t":17,"s":[{"i":[[0.645,6.022],[18.834,-8.166],[13.829,4.838],[15.241,-13.092],[2.098,-4.569],[-18.986,-0.249],[-19.167,8.527],[-9.992,8.674],[-5.656,13.344]],"o":[[-28.335,-1.335],[-12.151,-6.515],[-29.71,-1.376],[-7.933,-1.266],[9.302,28.149],[7.947,9.083],[11.266,-7.4],[9.416,-9.584],[-1.475,-5.192]],"v":[[235,127],[184,157],[151,134],[101,169],[89,177],[152,170],[184,191],[215,166],[244,138]],"c":true}],"h":1},{"t":18,"s":[{"i":[[6.01,2.926],[0.502,-0.332],[0.269,-0.564],[0.258,-0.575],[0.467,-0.366],[-1.573,-4.761],[-2.753,-3.58],[-5.059,-1.274],[3.232,7.374]],"o":[[-0.955,-0.122],[-0.502,0.332],[-0.269,0.564],[-0.258,0.575],[1.518,4.815],[1.573,4.761],[2.753,3.58],[1.94,-7.579],[-3.232,-7.374]],"v":[[291,59],[288.87,59.37],[287.769,60.769],[287.033,62.533],[286,64],[290.355,78.645],[296.563,91.437],[308,99],[305.462,75.51]],"c":true}],"h":1},{"t":19,"s":[{"i":[[4.659,3.508],[0.355,-0.201],[0.415,-0.14],[0.269,-0.287],[-2.252,-2.764],[-2.151,-2.151],[-2.647,-2.187],[-3.372,2.787],[3.842,4.324]],"o":[[-0.087,0.469],[-0.355,0.201],[-0.415,0.14],[-2.159,3.793],[2.252,2.764],[2.04,2.04],[2.647,2.187],[-1.972,-6.194],[-3.842,-4.324]],"v":[[225,20],[224.286,20.952],[223.078,21.412],[222,22],[223.267,31.731],[231,39],[238.001,46.62],[247,47],[238.015,31.485]],"c":true}],"h":1},{"t":20,"s":[{"i":[[-2.246,0.834],[0.6,1.534],[0.862,1.271],[1.035,1.098],[1.119,1.015],[1.112,1.021],[-0.145,-2.234],[-1.559,-2.328],[-2.259,-1.305]],"o":[[-0.248,-1.886],[-0.6,-1.534],[-0.862,-1.271],[-1.035,-1.098],[-1.119,-1.015],[-1.981,1.022],[0.145,2.234],[1.559,2.328],[2.259,1.305]],"v":[[237,37],[235.707,31.893],[233.491,27.709],[230.622,24.178],[227.369,21.031],[224,18],[221.426,23.163],[224.16,30.284],[230.064,36.014]],"c":true}],"h":1},{"t":21,"s":[{"i":[[-2.014,0.887],[0.763,1.217],[1.035,1.022],[1.186,0.739],[1.217,0.368],[1.128,-0.09],[-0.821,-1.568],[-1.313,-1.501],[-1.711,-0.682]],"o":[[-0.37,-1.324],[-0.763,-1.217],[-1.035,-1.022],[-1.186,-0.739],[-1.217,-0.368],[0.233,0.884],[0.821,1.568],[1.313,1.501],[1.711,0.682]],"v":[[234,29],[232.27,25.166],[229.544,21.786],[226.183,19.123],[222.547,17.44],[219,17],[220.604,20.866],[223.829,25.656],[228.389,29.119]],"c":true}],"h":1},{"t":22,"s":[{"i":[[0.684,0.639],[0.654,-0.18],[0.417,-0.417],[0.18,-0.654],[-0.057,-0.89],[-0.483,-0.184],[-0.612,-0.055],[-0.773,0.106],[0,1.18]],"o":[[-0.891,-0.057],[-0.654,0.18],[-0.417,0.417],[-0.18,0.654],[0.387,0.28],[0.483,0.184],[0.612,0.055],[0.684,-0.639],[0,-1.18]],"v":[[225,11],[222.684,11.184],[221.078,12.078],[220.184,13.684],[220,16],[221.297,16.703],[222.931,17.069],[225,17],[226.026,14]],"c":true}],"h":1}],"ix":1},"o":{"a":1,"k":[{"t":4,"s":[0],"h":1},{"t":5,"s":[100],"h":1}],"ix":3},"x":{"a":0,"k":0,"ix":4},"nm":"Mask 2"},{"inv":false,"mode":"f","pt":{"a":1,"k":[{"t":8,"s":[{"i":[[-1.531,-2.271],[-1.388,2.056],[-0.295,3.149],[-0.725,2.72],[2.32,1.142],[1.15,-3.332],[0.265,-4.351]],"o":[[4.004,0.559],[1.388,-2.056],[0.295,-3.149],[-0.571,-1.764],[-2.32,-1.142],[-0.47,3.327],[-0.265,4.351]],"v":[[291,1695],[298.707,1692.374],[300.851,1684.185],[302,1675],[296.935,1669.679],[291,1672],[289.499,1684.293]],"c":true}],"h":1},{"t":10,"s":[{"i":[[-3.334,-4.894],[-1.625,3.708],[-0.376,4.957],[-0.901,4.432],[0.744,1.922],[1.477,1.191],[0.219,-10.883]],"o":[[4.649,-0.685],[1.625,-3.708],[0.376,-4.957],[-0.546,-2.12],[-0.744,-1.922],[-10.46,-2.428],[-0.219,10.883]],"v":[[99,1397],[107.968,1389.968],[110.527,1376.527],[112,1362],[110.198,1355.803],[107,1351],[92.654,1368.508]],"c":true}],"h":1},{"t":11,"s":[{"i":[[-2.885,-4.782],[-1.004,4.162],[-2.394,2.773],[1.306,2.194],[2.68,0.82],[0.815,-2.685],[1.453,-2.047]],"o":[[5.59,0.423],[1.004,-4.162],[-1.097,-2.403],[-1.306,-2.194],[-3.287,0.213],[-0.815,2.685],[2.277,5.39]],"v":[[97,1369],[105.397,1361.897],[109,1350],[105.687,1342.813],[100,1338],[94.625,1343.125],[92,1351]],"c":true}],"h":1},{"t":12,"s":[{"i":[[-3.811,-7.204],[-1.618,-0.507],[-1.806,-0.014],[-1.813,0.632],[-1.191,6.676],[4.041,4.884],[3.65,-7.54]],"o":[[1.247,0.847],[1.618,0.507],[1.806,0.014],[4.279,-3.413],[1.191,-6.676],[-9.211,-4.365],[-3.65,7.54]],"v":[[46,765],[50.343,767.069],[55.525,767.889],[61,767],[69.741,750.603],[66,732],[46.233,739.823]],"c":true}],"h":1},{"t":13,"s":[{"i":[[-0.8,3.312],[4.311,-2.742],[1.007,-5.953],[-3.183,-4.234],[-8.258,2.413],[-0.474,3.637],[-0.015,4.096]],"o":[[-6.73,-5.397],[-4.311,2.742],[-1.007,5.953],[3.183,4.234],[2.178,-1.933],[0.474,-3.637],[0.015,-4.096]],"v":[[70,730],[53.216,727.25],[45.017,741.525],[48.06,758.037],[65,762],[68.667,753.334],[69.089,741.423]],"c":true}],"h":1},{"t":14,"s":[{"i":[[-3.286,-1.689],[-2.678,3.443],[-0.092,4.639],[2.632,2.502],[5.494,-2.969],[1.095,-3.733],[-0.55,-3.531]],"o":[[5.126,1.088],[2.678,-3.443],[0.092,-4.639],[-2.632,-2.502],[-1.651,2.296],[-1.095,3.733],[0.55,3.531]],"v":[[50,753],[61.74,748.634],[65.93,735.678],[62.154,724.133],[50,724],[45.608,733.455],[44.518,744.761]],"c":true}],"h":1},{"t":15,"s":[{"i":[[1.291,2.736],[2.432,-2.36],[0.561,-3.631],[-1.401,-2.956],[-3.456,-0.335],[-1.319,3.236],[0.185,4.031]],"o":[[-4.21,-0.857],[-2.432,2.36],[-0.561,3.631],[1.401,2.956],[3.222,-0.35],[1.319,-3.236],[-0.185,-4.031]],"v":[[63,718],[53.014,720.741],[48.501,730.212],[49.738,740.578],[57,746],[63.712,740.098],[65.313,728.674]],"c":true}],"h":1},{"t":16,"s":[{"i":[[-1.883,0.106],[0.061,1.413],[0.956,1.01],[1.417,0.092],[1.444,-1.341],[-0.557,-1.22],[-1.129,-0.649]],"o":[[1.267,-1.302],[-0.061,-1.413],[-0.956,-1.01],[-1.417,-0.092],[0.168,1.61],[0.557,1.22],[1.129,0.649]],"v":[[298,930],[299.7,925.8],[298.066,922.037],[294.399,920.256],[290,922],[291.043,926.291],[293.527,929.14]],"c":true}],"h":1},{"t":17,"s":[{"i":[[-13.532,-0.89],[3.036,6.387],[1.145,6.397],[1.765,1.901],[2.133,1.534],[5.063,-11.057],[-7.779,-7.936]],"o":[[3.289,-6.053],[-3.036,-6.387],[-1.807,-1.86],[-1.765,-1.901],[-10.351,-0.604],[5.435,9.988],[7.54,7.693]],"v":[[59,202],[57.325,183.258],[49,164],[43.744,158.256],[38,153],[9,155],[31,181]],"c":true}],"h":1},{"t":18,"s":[{"i":[[-6.509,18.825],[2.644,-1.825],[12.149,-2.889],[14.052,-1.824],[2.907,-9.508],[-10.498,1.718],[-20.523,1.331]],"o":[[-3.873,-4.764],[-9.272,6.402],[-14.527,-1.733],[-11.475,1.489],[14.563,1.442],[17.88,-2.927],[16.973,-8.36]],"v":[[217,64],[206,63],[172,88],[132,74],[105,105],[130,91],[183,106]],"c":true}],"h":1},{"t":19,"s":[{"i":[[2.353,3.647],[0.71,-3.79],[1,-3.5],[-1.35,-1.15],[-2.505,0.005],[-1.207,1.793],[-0.577,2.424]],"o":[[-6.162,-1.662],[-0.71,3.79],[1.094,1.406],[1.35,1.15],[1.596,-1.404],[1.207,-1.793],[-1.29,-4.71]],"v":[[65,41],[56.129,45.629],[55,58],[58.442,62.058],[64,64],[68.265,59.265],[71,53]],"c":true}],"h":1},{"t":20,"s":[{"i":[[0.396,1.729],[1.132,0.492],[1.279,-0.365],[1.049,-1.031],[-1.294,-1.206],[-2.458,-0.041],[-0.488,0.846]],"o":[[-0.607,-1.539],[-1.132,-0.492],[-1.279,0.365],[0.366,2.133],[1.294,1.206],[0.444,-0.889],[0.488,-0.846]],"v":[[295,39],[292.298,36.002],[288.587,35.858],[285,38],[287.431,43.069],[293,45],[294.63,42.63]],"c":true}],"h":1},{"t":21,"s":[{"i":[[-0.811,0.757],[1.288,0.889],[1.593,-0.402],[1.008,-1.466],[-0.465,-2.3],[-1.507,0.192],[-1.42,0.634]],"o":[[-0.094,-2.41],[-1.288,-0.889],[-1.593,0.402],[-1.008,1.466],[1.074,0.57],[1.507,-0.192],[1.42,-0.634]],"v":[[74,41],[71.705,36.108],[67.161,35.435],[63.037,38.294],[62,44],[66.003,44.487],[70.524,43.167]],"c":true}],"h":1},{"t":22,"s":[{"i":[[0.232,1.566],[0.595,0.143],[0.595,-0.143],[0.438,-0.428],[-0.294,-0.539],[0.064,-0.897],[-0.667,0.667]],"o":[[-0.438,-0.428],[-0.595,-0.143],[-0.595,0.143],[-0.112,0.945],[0.294,0.539],[1.566,0.232],[0.667,-0.667]],"v":[[70,34],[68.412,33.145],[66.588,33.145],[65,34],[65.464,36.036],[66,38],[69.348,37.348]],"c":true}],"h":1}],"ix":1},"o":{"a":1,"k":[{"t":7,"s":[0],"h":1},{"t":8,"s":[100],"h":1},{"t":9,"s":[0],"h":1},{"t":10,"s":[100],"h":1}],"ix":3},"x":{"a":0,"k":0,"ix":4},"nm":"Mask 3"},{"inv":false,"mode":"f","pt":{"a":1,"k":[{"t":12,"s":[{"i":[[-1.187,0.104],[-0.836,1.961],[-0.649,2.762],[-0.399,3.205],[-0.086,3.289],[0.291,3.015],[0.731,2.382],[1.235,1.391],[1.801,0.042],[1.474,-2.003],[0.786,-3.368],[0.259,-4.039],[-0.108,-4.018],[-0.314,-3.304],[-0.359,-1.897],[-0.792,-0.291],[-0.902,-0.181],[-1.034,-0.05]],"o":[[0.959,-0.802],[0.836,-1.961],[0.649,-2.762],[0.399,-3.205],[0.086,-3.289],[-0.291,-3.015],[-0.731,-2.382],[-1.235,-1.391],[-2.323,-0.054],[-1.474,2.003],[-0.786,3.368],[-0.259,4.039],[0.108,4.018],[0.314,3.304],[0.705,0.379],[0.792,0.291],[0.902,0.181],[1.034,0.05]],"v":[[296,981],[298.707,976.765],[300.95,969.59],[302.538,960.55],[303.28,950.72],[302.988,941.175],[301.471,932.99],[298.538,927.24],[294,925],[288.345,928.097],[284.994,936.326],[283.465,947.611],[283.278,959.87],[283.95,971.026],[285,979],[287.24,980.01],[289.776,980.724],[292.674,981.076]],"c":true}],"h":1},{"t":13,"s":[{"i":[[1.448,2.292],[1.881,-0.8],[1.143,-1.502],[0.544,-2.015],[0.085,-2.338],[-0.234,-2.472],[-0.413,-2.417],[-0.451,-2.173],[-0.35,-1.739],[-0.604,-0.249],[-0.681,-0.175],[-0.721,-0.083],[-0.726,0.027],[-0.693,0.156],[-0.624,0.304],[-0.562,4.018],[0.034,4.365],[0.703,3.789]],"o":[[-2.76,-0.091],[-1.881,0.8],[-1.143,1.502],[-0.544,2.015],[-0.085,2.338],[0.234,2.472],[0.413,2.417],[0.451,2.173],[0.49,0.305],[0.604,0.249],[0.681,0.175],[0.721,0.083],[0.726,-0.027],[0.693,-0.156],[1.082,-2.75],[0.562,-4.018],[-0.034,-4.365],[-0.704,-3.789]],"v":[[297,923],[290.073,924.11],[285.572,927.61],[283.077,932.932],[282.169,939.509],[282.427,946.772],[283.431,954.153],[284.762,961.085],[286,967],[287.65,967.835],[289.585,968.477],[291.698,968.869],[293.877,968.957],[296.015,968.686],[298,968],[300.485,957.616],[301.296,944.812],[300.209,932.351]],"c":true}],"h":1},{"t":14,"s":[{"i":[[0.555,1.057],[1.271,-0.325],[1.102,-0.791],[0.895,-1.133],[0.648,-1.352],[0.363,-1.448],[0.038,-1.42],[-0.326,-1.268],[-0.728,-0.993],[-1.17,-0.595],[-1.651,-0.074],[-0.594,0.951],[-0.563,1.12],[-0.488,1.237],[-0.369,1.303],[-0.205,1.318],[0.004,1.282],[0.257,1.195]],"o":[[-1.4,-0.264],[-1.271,0.325],[-1.102,0.791],[-0.895,1.133],[-0.648,1.352],[-0.363,1.448],[-0.038,1.42],[0.326,1.268],[0.728,0.993],[1.17,0.595],[0.58,-0.732],[0.594,-0.951],[0.563,-1.12],[0.488,-1.237],[0.369,-1.303],[0.205,-1.318],[-0.004,-1.282],[-0.257,-1.195]],"v":[[299,922],[294.984,922.123],[291.415,923.828],[288.41,926.745],[286.086,930.504],[284.559,934.734],[283.949,939.066],[284.37,943.128],[285.941,946.552],[288.779,948.966],[293,950],[294.771,947.463],[296.518,944.344],[298.107,940.797],[299.404,936.975],[300.276,933.031],[300.588,929.118],[300.207,925.39]],"c":true}],"h":1},{"t":15,"s":[{"i":[[0.527,0.501],[1.006,-0.11],[0.653,-0.398],[0.356,-0.632],[0.116,-0.81],[-0.068,-0.932],[-0.196,-0.998],[-0.267,-1.009],[-0.282,-0.964],[-0.24,-0.864],[-0.143,-0.708],[-1.009,0.31],[-0.662,0.772],[-0.357,1.09],[-0.095,1.262],[0.125,1.289],[0.302,1.171],[0.436,0.908]],"o":[[-1.415,-0.235],[-1.006,0.11],[-0.653,0.398],[-0.356,0.632],[-0.116,0.81],[0.068,0.932],[0.196,0.998],[0.267,1.009],[0.282,0.964],[0.24,0.864],[1.399,0.298],[1.009,-0.31],[0.662,-0.772],[0.357,-1.09],[0.095,-1.262],[-0.125,-1.289],[-0.302,-1.171],[-0.436,-0.908]],"v":[[298,920],[294.383,919.826],[291.91,920.602],[290.411,922.161],[289.717,924.337],[289.659,926.963],[290.069,929.871],[290.777,932.896],[291.614,935.871],[292.411,938.627],[293,941],[296.602,940.946],[299.097,939.287],[300.614,936.458],[301.28,932.895],[301.224,929.032],[300.573,925.306],[299.456,922.15]],"c":true}],"h":1},{"t":16,"s":[{"i":[[3.533,1.644],[-3.065,-9.269],[-14.962,0.066],[-7.49,6.56],[-10.79,4.486],[-10.092,-3.575],[-4.689,1.311],[-16.042,10.388],[-17.282,0.746],[-19.077,4.917],[9.065,8.873],[11.065,-0.464],[7.493,-5.304],[21.449,-13.537],[13.258,3.408],[15.375,-14.4],[2.889,0.092],[4.469,4.469]],"o":[[4.869,7.464],[12.917,4.026],[9.29,-0.041],[10.154,-8.894],[10.328,3.339],[6.028,0.028],[14.043,-7.101],[14.787,-9.576],[18.901,-0.816],[-3.116,-12.127],[-7.73,-7.566],[-8.118,0.34],[-24.394,17.265],[-7.917,-8.75],[-24.86,1.953],[-3,2.81],[-3.803,-0.122],[-9.149,-9.149]],"v":[[22,237],[35,261],[71,295],[99,273],[128,251],[154,266],[171,265],[215,236],[264,211],[313,221],[293,193],[264,174],[238,189],[165,240],[136,219],[87,256],[63,275],[44,255]],"c":true}],"h":1},{"t":17,"s":[{"i":[[0.493,0.756],[0.551,-0.005],[0.471,-0.085],[0.412,-0.143],[0.375,-0.18],[0.36,-0.196],[0.366,-0.19],[-0.158,-0.759],[-0.073,-0.844],[-0.004,-0.913],[0.049,-0.966],[-0.642,-0.268],[-0.634,-0.137],[-0.675,0.074],[-0.765,0.366],[-0.146,1.166],[0.116,1.191],[0.329,1.054]],"o":[[-0.652,-0.097],[-0.551,0.005],[-0.471,0.085],[-0.412,0.143],[-0.375,0.18],[-0.36,0.196],[0.259,0.658],[0.158,0.759],[0.073,0.844],[0.004,0.913],[0.697,0.317],[0.642,0.268],[0.634,0.137],[0.675,-0.074],[0.456,-0.98],[0.146,-1.166],[-0.116,-1.191],[-0.329,-1.054]],"v":[[288,702],[286.201,701.867],[284.674,702.007],[283.355,702.355],[282.179,702.846],[281.083,703.416],[280,704],[280.621,706.129],[280.962,708.538],[281.073,711.178],[281,714],[282.997,714.898],[284.899,715.526],[286.851,715.64],[289,715],[289.89,711.741],[289.923,708.165],[289.244,704.756]],"c":true}],"h":1},{"t":18,"s":[{"i":[[0.824,0.55],[1.31,-0.662],[0.792,-1.065],[0.335,-1.353],[-0.059,-1.525],[-0.391,-1.581],[-0.662,-1.522],[-0.87,-1.348],[-1.017,-1.057],[-1.102,-0.652],[-1.124,-0.13],[-0.78,1.181],[-0.317,1.509],[0.067,1.697],[0.374,1.747],[0.603,1.656],[0.754,1.427],[0.828,1.058]],"o":[[-1.89,0.144],[-1.31,0.662],[-0.792,1.065],[-0.335,1.353],[0.059,1.525],[0.391,1.581],[0.662,1.522],[0.87,1.348],[1.017,1.057],[1.102,0.652],[1.319,-0.714],[0.78,-1.181],[0.317,-1.509],[-0.067,-1.697],[-0.374,-1.747],[-0.603,-1.656],[-0.754,-1.427],[-0.828,-1.058]],"v":[[46,101],[41.216,102.238],[38.079,104.859],[36.404,108.516],[36.005,112.861],[36.696,117.55],[38.291,122.234],[40.605,126.568],[43.452,130.205],[46.645,132.798],[50,134],[53.129,131.123],[54.755,127.053],[55.112,122.208],[54.431,117.007],[52.946,111.868],[50.891,107.208],[48.498,103.446]],"c":true}],"h":1},{"t":19,"s":[{"i":[[-1.22,0.34],[0.109,0.891],[0.3,1.017],[0.457,1.059],[0.582,1.016],[0.672,0.887],[0.73,0.674],[0.754,0.376],[0.745,-0.007],[0.702,-0.475],[0.626,-1.028],[-0.364,-1.034],[-0.429,-1.037],[-0.512,-0.974],[-0.615,-0.844],[-0.737,-0.648],[-0.879,-0.385],[-1.04,-0.056]],"o":[[0.115,-0.679],[-0.109,-0.891],[-0.3,-1.017],[-0.457,-1.059],[-0.582,-1.016],[-0.672,-0.887],[-0.73,-0.674],[-0.754,-0.376],[-0.745,0.007],[-0.702,0.475],[0.319,0.965],[0.364,1.034],[0.429,1.037],[0.512,0.974],[0.615,0.844],[0.737,0.648],[0.879,0.385],[1.04,0.056]],"v":[[302,62],[302.002,59.624],[301.38,56.741],[300.236,53.605],[298.67,50.472],[296.781,47.596],[294.669,45.233],[292.435,43.637],[290.179,43.063],[288,43.765],[286,46],[287.021,49.015],[288.205,52.138],[289.612,55.171],[291.298,57.914],[293.322,60.168],[295.742,61.733],[298.615,62.41]],"c":true}],"h":1},{"t":20,"s":[{"i":[[0.055,0.805],[0.794,0.351],[0.734,-0.073],[0.639,-0.404],[0.51,-0.642],[0.345,-0.787],[0.146,-0.839],[-0.088,-0.799],[-0.357,-0.665],[-0.661,-0.439],[-0.999,-0.119],[-0.479,0.271],[-0.402,0.348],[-0.326,0.424],[-0.25,0.5],[-0.174,0.576],[-0.097,0.653],[-0.021,0.729]],"o":[[-0.819,-0.868],[-0.794,-0.351],[-0.734,0.073],[-0.639,0.404],[-0.51,0.642],[-0.345,0.787],[-0.146,0.839],[0.088,0.799],[0.357,0.665],[0.661,0.439],[0.555,-0.195],[0.479,-0.271],[0.402,-0.348],[0.326,-0.424],[0.25,-0.5],[0.174,-0.576],[0.097,-0.653],[0.021,-0.729]],"v":[[68,38],[65.571,36.194],[63.27,35.8],[61.202,36.538],[59.47,38.131],[58.18,40.298],[57.435,42.761],[57.34,45.242],[57.999,47.461],[59.518,49.14],[62,50],[63.551,49.301],[64.873,48.373],[65.966,47.216],[66.83,45.83],[67.465,44.215],[67.872,42.372],[68.05,40.3]],"c":true}],"h":1}],"ix":1},"o":{"a":1,"k":[{"t":11,"s":[0],"h":1},{"t":12,"s":[100],"h":1},{"t":21,"s":[0],"h":1}],"ix":3},"x":{"a":0,"k":0,"ix":4},"nm":"Mask 4"},{"inv":false,"mode":"f","pt":{"a":1,"k":[{"t":12,"s":[{"i":[[2.08,6.118],[1.156,-5.735],[-4.895,-0.624]],"o":[[-5.27,-6.565],[-1.156,5.735],[6.685,-0.487]],"v":[[104,1340],[93.876,1343.109],[99,1357]],"c":true}],"h":1},{"t":17,"s":[{"i":[[0.86,0.807],[-4.269,-2.316],[0.666,4.999]],"o":[[-9.317,-1.875],[2.557,-1.776],[-1.406,-0.261]],"v":[[59,712],[56,723],[61,715]],"c":true}],"h":1},{"t":18,"s":[{"i":[[3.749,0.311],[0.015,-2.651],[-1.667,0]],"o":[[-2.555,0.112],[1.667,0],[1.06,-2.655]],"v":[[283,699],[281,705],[286,705]],"c":true}],"h":1}],"ix":1},"o":{"a":1,"k":[{"t":11,"s":[0],"h":1},{"t":12,"s":[100],"h":1},{"t":13,"s":[0],"h":1},{"t":17,"s":[100],"h":1},{"t":19,"s":[0],"h":1}],"ix":3},"x":{"a":0,"k":0,"ix":4},"nm":"Mask 5"},{"inv":false,"mode":"f","pt":{"a":0,"k":{"i":[[-0.09,2.728],[-3.85,0.788]],"o":[[-3.85,-0.788],[1.666,-1.987]],"v":[[59,710],[59,714]],"c":true},"ix":1},"o":{"a":1,"k":[{"t":17,"s":[0],"h":1},{"t":18,"s":[100],"h":1},{"t":19,"s":[0],"h":1}],"ix":3},"x":{"a":0,"k":0,"ix":4},"nm":"Mask 6"}],"sw":338,"sh":2113,"sc":"#ffffff","ip":0,"op":23,"st":1,"bm":0}]}],"layers":[{"ddd":0,"ind":1,"ty":0,"nm":"Electric_FP_11-1","refId":"comp_0","sr":1,"ks":{"o":{"a":0,"k":100,"ix":11},"r":{"a":0,"k":0,"ix":10},"p":{"a":0,"k":[499.223,514.456,0],"ix":2},"a":{"a":0,"k":[500,500,0],"ix":1},"s":{"a":0,"k":[84.524,84.524,100],"ix":6}},"ao":0,"tm":{"a":1,"k":[{"i":{"x":[0.833],"y":[0.833]},"o":{"x":[0.167],"y":[0.167]},"t":1,"s":[0]},{"t":25,"s":[1]}],"ix":2,"x":"var $bm_rt;\nvar start_key, end_key;\ntry {\n    start_key = key(1).value;\n    end_key = key(2).value;\n    $bm_rt = linear(time, inPoint, outPoint, start_key, end_key);\n} catch (ex) {\n    $bm_rt = value;\n}"},"w":1000,"h":1000,"ip":1,"op":25,"st":1,"bm":0}],"markers":[]}